# Generated by docs/raw/coverage.py; do not edit.
maker	camera	format	year_added	class	reason
Apple	iPhone 17e Front Camera	DNG	2025	unverified	DNG decoder (uncompressed, LJ92, lossy, Deflate, JPEG XL, LinearRaw)
Apple	iPhone 17e Rear Camera	DNG	2025	unverified	DNG decoder (uncompressed, LJ92, lossy, Deflate, JPEG XL, LinearRaw)
Apple	iPhone 17 Front Camera	DNG	2025	unverified	DNG decoder (uncompressed, LJ92, lossy, Deflate, JPEG XL, LinearRaw)
Apple	iPhone 17 Ultrawide Camera	DNG	2025	unverified	DNG decoder (uncompressed, LJ92, lossy, Deflate, JPEG XL, LinearRaw)
Apple	iPhone 17 Wide Camera	DNG	2025	unverified	DNG decoder (uncompressed, LJ92, lossy, Deflate, JPEG XL, LinearRaw)
Apple	iPhone 17 Pro Front Camera	DNG	2025	unverified	DNG decoder (uncompressed, LJ92, lossy, Deflate, JPEG XL, LinearRaw)
Apple	iPhone 17 Pro Telephoto Camera	DNG	2025	unverified	DNG decoder (uncompressed, LJ92, lossy, Deflate, JPEG XL, LinearRaw)
Apple	iPhone 17 Pro Ultrawide Camera	DNG	2025	unverified	DNG decoder (uncompressed, LJ92, lossy, Deflate, JPEG XL, LinearRaw)
Apple	iPhone 17 Pro Wide Camera	DNG	2025	unverified	DNG decoder (uncompressed, LJ92, lossy, Deflate, JPEG XL, LinearRaw)
Apple	iPhone 17 Pro Max Front Camera	DNG	2025	unverified	DNG decoder (uncompressed, LJ92, lossy, Deflate, JPEG XL, LinearRaw)
Apple	iPhone 17 Pro Max Telephoto Camera	DNG	2025	unverified	DNG decoder (uncompressed, LJ92, lossy, Deflate, JPEG XL, LinearRaw)
Apple	iPhone 17 Pro Max Ultrawide Camera	DNG	2025	unverified	DNG decoder (uncompressed, LJ92, lossy, Deflate, JPEG XL, LinearRaw)
Apple	iPhone 17 Pro Max Wide Camera	DNG	2025	unverified	DNG decoder (uncompressed, LJ92, lossy, Deflate, JPEG XL, LinearRaw)
Apple	iPhone Air Front Camera	DNG	2025	unverified	DNG decoder (uncompressed, LJ92, lossy, Deflate, JPEG XL, LinearRaw)
Apple	iPhone Air Wide Camera	DNG	2025	unverified	DNG decoder (uncompressed, LJ92, lossy, Deflate, JPEG XL, LinearRaw)
Apple	iPhone 16e Front Camera	DNG	2024	unverified	DNG decoder (uncompressed, LJ92, lossy, Deflate, JPEG XL, LinearRaw)
Apple	iPhone 16e Wide Camera	DNG	2024	unverified	DNG decoder (uncompressed, LJ92, lossy, Deflate, JPEG XL, LinearRaw)
Apple	iPhone 16 Front Camera	DNG	2024	unverified	DNG decoder (uncompressed, LJ92, lossy, Deflate, JPEG XL, LinearRaw)
Apple	iPhone 16 Ultrawide Camera	DNG	2024	unverified	DNG decoder (uncompressed, LJ92, lossy, Deflate, JPEG XL, LinearRaw)
Apple	iPhone 16 Wide Camera	DNG	2024	unverified	DNG decoder (uncompressed, LJ92, lossy, Deflate, JPEG XL, LinearRaw)
Apple	iPhone 16 Plus Front Camera	DNG	2024	unverified	DNG decoder (uncompressed, LJ92, lossy, Deflate, JPEG XL, LinearRaw)
Apple	iPhone 16 Plus Ultrawide Camera	DNG	2024	unverified	DNG decoder (uncompressed, LJ92, lossy, Deflate, JPEG XL, LinearRaw)
Apple	iPhone 16 Plus Wide Camera	DNG	2024	unverified	DNG decoder (uncompressed, LJ92, lossy, Deflate, JPEG XL, LinearRaw)
Apple	iPhone 16 Pro Front Camera	DNG	2024	unverified	DNG decoder (uncompressed, LJ92, lossy, Deflate, JPEG XL, LinearRaw)
Apple	iPhone 16 Pro Telephoto Camera	DNG	2024	unverified	DNG decoder (uncompressed, LJ92, lossy, Deflate, JPEG XL, LinearRaw)
Apple	iPhone 16 Pro Ultrawide Camera	DNG	2024	unverified	DNG decoder (uncompressed, LJ92, lossy, Deflate, JPEG XL, LinearRaw)
Apple	iPhone 16 Pro Wide Camera	DNG	2024	unverified	DNG decoder (uncompressed, LJ92, lossy, Deflate, JPEG XL, LinearRaw)
Apple	iPhone 16 Pro Max Front Camera	DNG	2024	unverified	DNG decoder (uncompressed, LJ92, lossy, Deflate, JPEG XL, LinearRaw)
Apple	iPhone 16 Pro Max Telephoto Camera	DNG	2024	unverified	DNG decoder (uncompressed, LJ92, lossy, Deflate, JPEG XL, LinearRaw)
Apple	iPhone 16 Pro Max Ultrawide Camera	DNG	2024	unverified	DNG decoder (uncompressed, LJ92, lossy, Deflate, JPEG XL, LinearRaw)
Apple	iPhone 16 Pro Max WIde Camera	DNG	2024	unverified	DNG decoder (uncompressed, LJ92, lossy, Deflate, JPEG XL, LinearRaw)
Apple	iPhone 15 Plus Ultrawide Camera	DNG	2023	unverified	DNG decoder (uncompressed, LJ92, lossy, Deflate, JPEG XL, LinearRaw)
Apple	iPhone 15 Pro Telephoto Camera	DNG	2023	unverified	DNG decoder (uncompressed, LJ92, lossy, Deflate, JPEG XL, LinearRaw)
Apple	iPhone 15 Pro Front Camera	DNG	2023	unverified	DNG decoder (uncompressed, LJ92, lossy, Deflate, JPEG XL, LinearRaw)
Apple	iPhone 15 Pro Wide Camera	DNG	2023	unverified	DNG decoder (uncompressed, LJ92, lossy, Deflate, JPEG XL, LinearRaw)
Apple	iPhone 15 Pro Ultrawide Camera	DNG	2023	unverified	DNG decoder (uncompressed, LJ92, lossy, Deflate, JPEG XL, LinearRaw)
Apple	iPhone 15 Pro Max Front Camera	DNG	2023	unverified	DNG decoder (uncompressed, LJ92, lossy, Deflate, JPEG XL, LinearRaw)
Apple	iPhone 15 Pro Max Telephoto Camera	DNG	2023	unverified	DNG decoder (uncompressed, LJ92, lossy, Deflate, JPEG XL, LinearRaw)
Apple	iPhone 15 Pro Max Ultrawide Camera	DNG	2023	unverified	DNG decoder (uncompressed, LJ92, lossy, Deflate, JPEG XL, LinearRaw)
Apple	iPhone 15 Pro Max Wide Camera	DNG	2023	unverified	DNG decoder (uncompressed, LJ92, lossy, Deflate, JPEG XL, LinearRaw)
Apple	iPhone 14 Front Camera	DNG	2022	unverified	DNG decoder (uncompressed, LJ92, lossy, Deflate, JPEG XL, LinearRaw)
Apple	iPhone 14 Ultrawide Camera	DNG	2022	unverified	DNG decoder (uncompressed, LJ92, lossy, Deflate, JPEG XL, LinearRaw)
Apple	iPhone 14 Wide Camera	DNG	2022	unverified	DNG decoder (uncompressed, LJ92, lossy, Deflate, JPEG XL, LinearRaw)
Apple	iPhone 14 Plus Front Camera	DNG	2022	unverified	DNG decoder (uncompressed, LJ92, lossy, Deflate, JPEG XL, LinearRaw)
Apple	iPhone 14 Plus Ultrawide Camera	DNG	2022	unverified	DNG decoder (uncompressed, LJ92, lossy, Deflate, JPEG XL, LinearRaw)
Apple	iPhone 14 Plus Wide Camera	DNG	2022	unverified	DNG decoder (uncompressed, LJ92, lossy, Deflate, JPEG XL, LinearRaw)
Apple	iPhone 14 Pro Front Camera	DNG	2022	unverified	DNG decoder (uncompressed, LJ92, lossy, Deflate, JPEG XL, LinearRaw)
Apple	iPhone 14 Pro Telephoto Camera	DNG	2022	unverified	DNG decoder (uncompressed, LJ92, lossy, Deflate, JPEG XL, LinearRaw)
Apple	iPhone 14 Pro Ultrawide Camera	DNG	2022	unverified	DNG decoder (uncompressed, LJ92, lossy, Deflate, JPEG XL, LinearRaw)
Apple	iPhone 14 Pro Wide Camera	DNG	2022	unverified	DNG decoder (uncompressed, LJ92, lossy, Deflate, JPEG XL, LinearRaw)
Apple	iPhone 14 Pro Max Front Camera	DNG	2022	unverified	DNG decoder (uncompressed, LJ92, lossy, Deflate, JPEG XL, LinearRaw)
Apple	iPhone 14 Pro Max Telephoto Camera	DNG	2022	unverified	DNG decoder (uncompressed, LJ92, lossy, Deflate, JPEG XL, LinearRaw)
Apple	iPhone 14 Pro Max Ultrawide Camera	DNG	2022	unverified	DNG decoder (uncompressed, LJ92, lossy, Deflate, JPEG XL, LinearRaw)
Apple	iPhone 14 Pro Max Wide Camera	DNG	2022	unverified	DNG decoder (uncompressed, LJ92, lossy, Deflate, JPEG XL, LinearRaw)
Apple	iPhone 13 Front Camera	DNG	2021	unverified	DNG decoder (uncompressed, LJ92, lossy, Deflate, JPEG XL, LinearRaw)
Apple	iPhone 13 Rear Ultrawide Camera	DNG	2021	unverified	DNG decoder (uncompressed, LJ92, lossy, Deflate, JPEG XL, LinearRaw)
Apple	iPhone 13 Rear Wide Camera	DNG	2021	unverified	DNG decoder (uncompressed, LJ92, lossy, Deflate, JPEG XL, LinearRaw)
Apple	iPhone 13 mini Front Camera	DNG	2021	unverified	DNG decoder (uncompressed, LJ92, lossy, Deflate, JPEG XL, LinearRaw)
Apple	iPhone 13 mini Rear Ultrawide Camera	DNG	2021	unverified	DNG decoder (uncompressed, LJ92, lossy, Deflate, JPEG XL, LinearRaw)
Apple	iPhone 13 mini Rear Wide Camera	DNG	2021	unverified	DNG decoder (uncompressed, LJ92, lossy, Deflate, JPEG XL, LinearRaw)
Apple	iPhone 13 Pro Front Camera	DNG	2021	unverified	DNG decoder (uncompressed, LJ92, lossy, Deflate, JPEG XL, LinearRaw)
Apple	iPhone 13 Pro Rear Telephoto Camera	DNG	2021	unverified	DNG decoder (uncompressed, LJ92, lossy, Deflate, JPEG XL, LinearRaw)
Apple	iPhone 13 Pro Rear Ultrawide Camera	DNG	2021	unverified	DNG decoder (uncompressed, LJ92, lossy, Deflate, JPEG XL, LinearRaw)
Apple	iPhone 13 Pro Rear Wide Camera	DNG	2021	unverified	DNG decoder (uncompressed, LJ92, lossy, Deflate, JPEG XL, LinearRaw)
Apple	iPhone 13 Pro Max Front Camera	DNG	2021	unverified	DNG decoder (uncompressed, LJ92, lossy, Deflate, JPEG XL, LinearRaw)
Apple	iPhone 13 Pro Max Rear Telephoto Camera	DNG	2021	unverified	DNG decoder (uncompressed, LJ92, lossy, Deflate, JPEG XL, LinearRaw)
Apple	iPhone 13 Pro Max Rear Ultrawide Camera	DNG	2021	unverified	DNG decoder (uncompressed, LJ92, lossy, Deflate, JPEG XL, LinearRaw)
Apple	iPhone 13 Pro Max Rear Wide Camera	DNG	2021	unverified	DNG decoder (uncompressed, LJ92, lossy, Deflate, JPEG XL, LinearRaw)
Apple	iPhone 12 Rear Wide Camera	DNG	2020	unverified	DNG decoder (uncompressed, LJ92, lossy, Deflate, JPEG XL, LinearRaw)
Apple	iPhone 12 Mini Rear Wide Camera	DNG	2020	unverified	DNG decoder (uncompressed, LJ92, lossy, Deflate, JPEG XL, LinearRaw)
Apple	iPhone 12 Ultrawide camera	DNG	2021	unverified	DNG decoder (uncompressed, LJ92, lossy, Deflate, JPEG XL, LinearRaw)
Apple	iPhone 12 Mini Ultrawide camera	DNG	2021	unverified	DNG decoder (uncompressed, LJ92, lossy, Deflate, JPEG XL, LinearRaw)
Apple	iPhone 12 Pro Front Camera	DNG	2020	unverified	DNG decoder (uncompressed, LJ92, lossy, Deflate, JPEG XL, LinearRaw)
Apple	iPhone 12 Pro Rear Wide Camera	DNG	2020	verified	corpus: crates/raw/tests/corpus.rs (xtask RAW_SAMPLES)
Apple	iPhone 12 Pro Rear Telephoto Camera	DNG	2020	unverified	DNG decoder (uncompressed, LJ92, lossy, Deflate, JPEG XL, LinearRaw)
Apple	iPhone 12 Pro Rear Ultra Wide Camera	DNG	2020	unverified	DNG decoder (uncompressed, LJ92, lossy, Deflate, JPEG XL, LinearRaw)
Apple	iPhone 12 Pro Max Front Camera	DNG	2020	unverified	DNG decoder (uncompressed, LJ92, lossy, Deflate, JPEG XL, LinearRaw)
Apple	iPhone 12 Pro Max Rear Wide Camera	DNG	2020	unverified	DNG decoder (uncompressed, LJ92, lossy, Deflate, JPEG XL, LinearRaw)
Apple	iPhone 12 Pro Max Rear Telephoto Camera	DNG	2020	unverified	DNG decoder (uncompressed, LJ92, lossy, Deflate, JPEG XL, LinearRaw)
Apple	iPhone 12 Pro Max Rear Ultra Wide Camera	DNG	2020	unverified	DNG decoder (uncompressed, LJ92, lossy, Deflate, JPEG XL, LinearRaw)
Apple	iPhone 11	DNG	2019	unverified	DNG decoder (uncompressed, LJ92, lossy, Deflate, JPEG XL, LinearRaw)
Apple	iPhone 11 Pro	DNG	2019	unverified	DNG decoder (uncompressed, LJ92, lossy, Deflate, JPEG XL, LinearRaw)
Apple	iPhone 11 Pro Max	DNG	2019	unverified	DNG decoder (uncompressed, LJ92, lossy, Deflate, JPEG XL, LinearRaw)
Apple	iPad Pro 9.7" (Wifi and Cellular)	DNG	2015	unverified	DNG decoder (uncompressed, LJ92, lossy, Deflate, JPEG XL, LinearRaw)
Apple	iPad Pro 11-inch (2nd generation)	DNG	2019	unverified	DNG decoder (uncompressed, LJ92, lossy, Deflate, JPEG XL, LinearRaw)
Apple	iPad Pro 11-inch (3rd generation)	DNG	2020	unverified	DNG decoder (uncompressed, LJ92, lossy, Deflate, JPEG XL, LinearRaw)
Apple	iPad Pro 11-inch (4th generation) Wide Camera	DNG	2022	unverified	DNG decoder (uncompressed, LJ92, lossy, Deflate, JPEG XL, LinearRaw)
Apple	iPad Pro 11-inch (2018 model)	DNG	2018	unverified	DNG decoder (uncompressed, LJ92, lossy, Deflate, JPEG XL, LinearRaw)
Apple	iPad Pro 11-inch M4 (2024 version) Wide Camera	DNG	2023	unverified	DNG decoder (uncompressed, LJ92, lossy, Deflate, JPEG XL, LinearRaw)
Apple	iPad Air 11-inch M2 (2024 version) Wide Camera	DNG	2023	unverified	DNG decoder (uncompressed, LJ92, lossy, Deflate, JPEG XL, LinearRaw)
Apple	iPad Pro 12.9-inch (4th generation)	DNG	2019	unverified	DNG decoder (uncompressed, LJ92, lossy, Deflate, JPEG XL, LinearRaw)
Apple	iPad Pro 12.9-inch (5th generation)	DNG	2020	unverified	DNG decoder (uncompressed, LJ92, lossy, Deflate, JPEG XL, LinearRaw)
Apple	iPad Pro 12.9-inch (6th generation) Wide Camera	DNG	2022	unverified	DNG decoder (uncompressed, LJ92, lossy, Deflate, JPEG XL, LinearRaw)
Apple	iPad Pro 12.9-inch (2018 model)	DNG	2018	unverified	DNG decoder (uncompressed, LJ92, lossy, Deflate, JPEG XL, LinearRaw)
Apple	iPad Pro 13-inch M4 (2024 version) Wide Camera	DNG	2023	unverified	DNG decoder (uncompressed, LJ92, lossy, Deflate, JPEG XL, LinearRaw)
Apple	iPad mini (6th Generation) Rear Camera	DNG	2021	unverified	DNG decoder (uncompressed, LJ92, lossy, Deflate, JPEG XL, LinearRaw)
Apple	iPhone 6s	DNG	2015	unverified	DNG decoder (uncompressed, LJ92, lossy, Deflate, JPEG XL, LinearRaw)
Apple	iPhone 6s Plus	DNG	2015	unverified	DNG decoder (uncompressed, LJ92, lossy, Deflate, JPEG XL, LinearRaw)
Apple	iPhone 7	DNG	2015	unverified	DNG decoder (uncompressed, LJ92, lossy, Deflate, JPEG XL, LinearRaw)
Apple	iPhone 7 Plus	DNG	2015	unverified	DNG decoder (uncompressed, LJ92, lossy, Deflate, JPEG XL, LinearRaw)
Apple	iPhone 8	DNG	2017	unverified	DNG decoder (uncompressed, LJ92, lossy, Deflate, JPEG XL, LinearRaw)
Apple	iPhone 8 Plus	DNG	2017	unverified	DNG decoder (uncompressed, LJ92, lossy, Deflate, JPEG XL, LinearRaw)
Apple	iPhone SE (2020 version)	DNG	2019	unverified	DNG decoder (uncompressed, LJ92, lossy, Deflate, JPEG XL, LinearRaw)
Apple	iPhone SE	DNG	2015	unverified	DNG decoder (uncompressed, LJ92, lossy, Deflate, JPEG XL, LinearRaw)
Apple	iPhone X	DNG	2017	unverified	DNG decoder (uncompressed, LJ92, lossy, Deflate, JPEG XL, LinearRaw)
Apple	iPhone XR	DNG	2018	unverified	DNG decoder (uncompressed, LJ92, lossy, Deflate, JPEG XL, LinearRaw)
Apple	iPhone XS	DNG	2018	unverified	DNG decoder (uncompressed, LJ92, lossy, Deflate, JPEG XL, LinearRaw)
Apple	iPhone XS Max	DNG	2018	unverified	DNG decoder (uncompressed, LJ92, lossy, Deflate, JPEG XL, LinearRaw)
Apple	iPad Air (5th generation) Rear Camera	DNG	2021	unverified	DNG decoder (uncompressed, LJ92, lossy, Deflate, JPEG XL, LinearRaw)
Apple	iPhone SE (3rd generation) Front Camera	DNG	2021	unverified	DNG decoder (uncompressed, LJ92, lossy, Deflate, JPEG XL, LinearRaw)
Apple	iPhone SE (3rd generation) Rear Camera	DNG	2021	unverified	DNG decoder (uncompressed, LJ92, lossy, Deflate, JPEG XL, LinearRaw)
Apple	iPad (10th Generation) Wide Camera	DNG	2022	unverified	DNG decoder (uncompressed, LJ92, lossy, Deflate, JPEG XL, LinearRaw)
Apple	iPad mini (A17 Pro) Rear Camera	DNG	2024	unverified	DNG decoder (uncompressed, LJ92, lossy, Deflate, JPEG XL, LinearRaw)
Canon	EOS-1D	TIF	2003	unsupported	TIF is not imported
Canon	EOS-1D C	CR2	2012	unverified	CR2 lossless JPEG decoder
Canon	EOS-1D Mark II	CR2	2003	unverified	CR2 lossless JPEG decoder
Canon	EOS-1D Mark II N	CR2	2005	unverified	CR2 lossless JPEG decoder
Canon	EOS-1D Mark III	CR2	2007	unverified	CR2 lossless JPEG decoder
Canon	EOS-1D Mark IV	CR2	2008	unverified	CR2 lossless JPEG decoder
Canon	EOS-1Ds	TIF	2003	unsupported	TIF is not imported
Canon	EOS-1Ds Mark II	CR2	2005	unverified	CR2 lossless JPEG decoder
Canon	EOS-1Ds Mark III	CR2	2007	unverified	CR2 lossless JPEG decoder
Canon	EOS-1D X	CR2	2012	unverified	CR2 lossless JPEG decoder
Canon	EOS-1D X Mark II	CR2	2015	unverified	CR2 lossless JPEG decoder
Canon	EOS-1D X Mark III	CR3	2019	unverified	CRX decoder: lossless and C-RAW 0x100 / 0x200 single-tile; other variants fall back to the preview
Canon	EOS 5D	CR2	2005	unverified	CR2 lossless JPEG decoder
Canon	EOS 5D Mark II	CR2	2008	verified	corpus: crates/raw/tests/corpus.rs (xtask RAW_SAMPLES)
Canon	EOS-5D Mark III	CR2	2012	verified	corpus: crates/raw/tests/corpus.rs (xtask RAW_SAMPLES)
Canon	EOS-5D Mark IV (** see note)	CR2	2015	unverified	CR2 lossless JPEG decoder
Canon	EOS 5DS	CR2	2015	unverified	CR2 lossless JPEG decoder
Canon	EOS 5DS R	CR2	2015	verified	corpus: crates/raw/tests/corpus.rs (xtask RAW_SAMPLES)
Canon	EOS 6D	CR2	2012	verified	corpus: crates/raw/tests/corpus.rs (xtask RAW_SAMPLES)
Canon	EOS 6D Mark II	CR2	2015	unverified	CR2 lossless JPEG decoder
Canon	EOS 7D	CR2	2008	verified	corpus: crates/raw/tests/corpus.rs (xtask RAW_SAMPLES)
Canon	EOS 7D Mark II	CR2	2013	unverified	CR2 lossless JPEG decoder
Canon	EOS 10D	CRW	2003	preview	CRW is opened from its embedded JPEG only
Canon	EOS 20D	CR2	2003	unverified	CR2 lossless JPEG decoder
Canon	EOS 20Da	CR2	2005	unverified	CR2 lossless JPEG decoder
Canon	EOS 30D	CR2	2005	unverified	CR2 lossless JPEG decoder
Canon	EOS 40D	CR2	2007	verified	corpus: crates/raw/tests/corpus.rs (xtask RAW_SAMPLES)
Canon	EOS 50D	CR2	2008	unverified	CR2 lossless JPEG decoder
Canon	EOS 60D	CR2	2010	unverified	CR2 lossless JPEG decoder
Canon	EOS 60Da	CR2	2012	unverified	CR2 lossless JPEG decoder
Canon	EOS 70D	CR2	2013	unverified	CR2 lossless JPEG decoder
Canon	EOS 77D (EOS 9000D)	CR2	2015	unverified	CR2 lossless JPEG decoder
Canon	EOS 80D	CR2	2015	verified	corpus: crates/raw/tests/corpus.rs (xtask RAW_SAMPLES)
Canon	EOS 90D	CR3	2018	unverified	CRX decoder: lossless and C-RAW 0x100 / 0x200 single-tile; other variants fall back to the preview
Canon	EOS 200D (EOS Kiss X9, EOS Rebel SL2)	CR2	2015	unverified	CR2 lossless JPEG decoder
Canon	EOS 250D (EOS Rebel SL3, EOS 200D II, EOS Kiss X10)	CR3	2018	unverified	CRX decoder: lossless and C-RAW 0x100 / 0x200 single-tile; other variants fall back to the preview
Canon	EOS D30	CRW	2003	preview	CRW is opened from its embedded JPEG only
Canon	EOS D60	CRW	2003	preview	CRW is opened from its embedded JPEG only
Canon	EOS 300D (EOS Digital Rebel, EOS Kiss Digital)	CRW	2003	preview	CRW is opened from its embedded JPEG only
Canon	EOS 100D (EOS Digital Rebel SL1, EOS Kiss X7)	CR2	2012	unverified	CR2 lossless JPEG decoder
Canon	EOS 500D (EOS Digital Rebel T1i, EOS Kiss X3 Digital)	CR2	2008	unverified	CR2 lossless JPEG decoder
Canon	EOS 550D (EOS Digital Rebel T2i, EOS Kiss X4 Digital)	CR2	2010	verified	corpus: crates/raw/tests/corpus.rs (xtask RAW_SAMPLES)
Canon	EOS 1100D (EOS Digital Rebel T3, EOS Kiss X50 Digital)	CR2	2010	unverified	CR2 lossless JPEG decoder
Canon	EOS 600D (EOS Digital Rebel T3i, EOS Kiss X5 Digital)	CR2	2010	unverified	CR2 lossless JPEG decoder
Canon	EOS 650D (EOS Digital Rebel T4i, EOS Kiss X4i)	CR2	2012	unverified	CR2 lossless JPEG decoder
Canon	EOS 700D (EOS Digital Rebel T5i, EOS Kiss X7i)	CR2	2012	unverified	CR2 lossless JPEG decoder
Canon	EOS 1200D (EOS Digital Rebel T5, EOS Kiss X70)	CR2	2013	unverified	CR2 lossless JPEG decoder
Canon	EOS 1300D (EOS Digital Rebel T6, EOS Kiss X80)	CR2	2015	unverified	CR2 lossless JPEG decoder
Canon	EOS 1500D (EOS Rebel T7, EOS Kiss X90, EOS 2000D)	CR2	2017	unverified	CR2 lossless JPEG decoder
Canon	EOS 3000D (EOS Rebel T100, EOS 4000D)	CR2	2017	unverified	CR2 lossless JPEG decoder
Canon	EOS 750D (EOS Digital Rebel T6i, EOS Kiss X8i)	CR2	2015	unverified	CR2 lossless JPEG decoder
Canon	EOS 760D (EOS Digital Rebel T6s, EOS Kiss 8000D)	CR2	2015	unverified	CR2 lossless JPEG decoder
Canon	EOS 800D (EOS Digital Rebel T7i, EOS Kiss X9i)	CR2	2015	unverified	CR2 lossless JPEG decoder
Canon	EOS 850D (EOS Kiss X10i, EOS Rebel T8i)	CR3	2019	unverified	CRX decoder: lossless and C-RAW 0x100 / 0x200 single-tile; other variants fall back to the preview
Canon	EOS 1000D (EOS Digital Rebel XS, EOS Kiss F)	CR2	2008	unverified	CR2 lossless JPEG decoder
Canon	EOS 450D (EOS Digital Rebel XSi, EOS Kiss Digital X2)	CR2	2007	unverified	CR2 lossless JPEG decoder
Canon	EOS 350D (EOS Digital Rebel XT, EOS Kiss Digital N)	CR2	2005	unverified	CR2 lossless JPEG decoder
Canon	EOS 400D (EOS Digital Rebel XTi, EOS Kiss Digital X)	CR2	2005	unverified	CR2 lossless JPEG decoder
Canon	EOS C50	CR3	2025	unverified	CRX decoder: lossless and C-RAW 0x100 / 0x200 single-tile; other variants fall back to the preview
Canon	EOS M	CR2	2012	unverified	CR2 lossless JPEG decoder
Canon	EOS M2	CR2	2013	unverified	CR2 lossless JPEG decoder
Canon	EOS M200	CR3	2019	unverified	CRX decoder: lossless and C-RAW 0x100 / 0x200 single-tile; other variants fall back to the preview
Canon	EOS M3	CR2	2015	unverified	CR2 lossless JPEG decoder
Canon	EOS M5	CR2	2015	unverified	CR2 lossless JPEG decoder
Canon	EOS M50 Mark II	CR3	2020	unverified	CRX decoder: lossless and C-RAW 0x100 / 0x200 single-tile; other variants fall back to the preview
Canon	EOS M6	CR2	2015	unverified	CR2 lossless JPEG decoder
Canon	EOS M6 Mark II	CR3	2018	unverified	CRX decoder: lossless and C-RAW 0x100 / 0x200 single-tile; other variants fall back to the preview
Canon	EOS M10	CR2	2015	unverified	CR2 lossless JPEG decoder
Canon	EOS M50 (EOS Kiss M)	CR3	2017	verified	corpus: crates/raw/tests/cr3_corpus.rs (exact sensor hashes, docs/cr3.md)
Canon	EOS M100	CR2	2017	unverified	CR2 lossless JPEG decoder
Canon	EOS R (** see note)	CR3	2018	unverified	CRX decoder: lossless and C-RAW 0x100 / 0x200 single-tile; other variants fall back to the preview
Canon	EOS R1	CR3	2023	unverified	CRX decoder: lossless and C-RAW 0x100 / 0x200 single-tile; other variants fall back to the preview
Canon	EOS R3	CR3	2021	unverified	CRX decoder: lossless and C-RAW 0x100 / 0x200 single-tile; other variants fall back to the preview
Canon	EOS R5	CR3	2019	unverified	CRX decoder: lossless and C-RAW 0x100 / 0x200 single-tile; other variants fall back to the preview
Canon	EOS R5 C	CR3	2021	unverified	CRX decoder: lossless and C-RAW 0x100 / 0x200 single-tile; other variants fall back to the preview
Canon	EOS R5 Mark II	CR3	2023	unverified	CRX decoder: lossless and C-RAW 0x100 / 0x200 single-tile; other variants fall back to the preview
Canon	EOS R6	CR3	2019	unverified	CRX decoder: lossless and C-RAW 0x100 / 0x200 single-tile; other variants fall back to the preview
Canon	EOS R6 V	CR3	2025	unverified	CRX decoder: lossless and C-RAW 0x100 / 0x200 single-tile; other variants fall back to the preview
Canon	EOS R6 Mark II	CR3	2022	unverified	CRX decoder: lossless and C-RAW 0x100 / 0x200 single-tile; other variants fall back to the preview
Canon	EOS R6 Mark III	CR3	2025	unverified	CRX decoder: lossless and C-RAW 0x100 / 0x200 single-tile; other variants fall back to the preview
Canon	EOS R7	CR3	2021	unverified	CRX decoder: lossless and C-RAW 0x100 / 0x200 single-tile; other variants fall back to the preview
Canon	EOS R8 Mark II	CR3	2025	unverified	CRX decoder: lossless and C-RAW 0x100 / 0x200 single-tile; other variants fall back to the preview
Canon	EOS R10	CR3	2021	unverified	CRX decoder: lossless and C-RAW 0x100 / 0x200 single-tile; other variants fall back to the preview
Canon	EOS Ra	CR3	2019	unverified	CRX decoder: lossless and C-RAW 0x100 / 0x200 single-tile; other variants fall back to the preview
Canon	EOS RP	CR3	2018	unverified	CRX decoder: lossless and C-RAW 0x100 / 0x200 single-tile; other variants fall back to the preview
Canon	EOS R8	CR3	2022	verified	corpus: crates/raw/tests/cr3_corpus.rs (exact sensor hashes, docs/cr3.md)
Canon	EOS R50	CR3	2022	unverified	CRX decoder: lossless and C-RAW 0x100 / 0x200 single-tile; other variants fall back to the preview
Canon	EOS R50 V	CR3	2024	unverified	CRX decoder: lossless and C-RAW 0x100 / 0x200 single-tile; other variants fall back to the preview
Canon	EOS R100	CR3	2022	verified	corpus: crates/raw/tests/cr3_corpus.rs (exact sensor hashes, docs/cr3.md)
Canon	PowerShot 600	CRW	2003	preview	CRW is opened from its embedded JPEG only
Canon	PowerShot A5	CRW	2003	preview	CRW is opened from its embedded JPEG only
Canon	PowerShot A50	CRW	2003	preview	CRW is opened from its embedded JPEG only
Canon	PowerShot G1	CRW	2003	preview	CRW is opened from its embedded JPEG only
Canon	PowerShot G1 X	CR2	2012	unverified	CR2 lossless JPEG decoder
Canon	PowerShot G1 X Mark II	CR2	2013	unverified	CR2 lossless JPEG decoder
Canon	PowerShot G1 X Mark III	CR2	2017	unverified	CR2 lossless JPEG decoder
Canon	PowerShot G2	CRW	2003	preview	CRW is opened from its embedded JPEG only
Canon	PowerShot G3	CRW	2003	preview	CRW is opened from its embedded JPEG only
Canon	PowerShot G3 X	CR2	2015	unverified	CR2 lossless JPEG decoder
Canon	PowerShot G5	CRW	2003	preview	CRW is opened from its embedded JPEG only
Canon	PowerShot G5 X	CR2	2015	unverified	CR2 lossless JPEG decoder
Canon	PowerShot G5 X Mark II	CR3	2018	unverified	CRX decoder: lossless and C-RAW 0x100 / 0x200 single-tile; other variants fall back to the preview
Canon	PowerShot G6	CRW	2003	preview	CRW is opened from its embedded JPEG only
Canon	PowerShot G7 X	CR2	2013	unverified	CR2 lossless JPEG decoder
Canon	PowerShot G7 X Mark II	CR2	2015	unverified	CR2 lossless JPEG decoder
Canon	PowerShot G7 X Mark III	CR3	2018	unverified	CRX decoder: lossless and C-RAW 0x100 / 0x200 single-tile; other variants fall back to the preview
Canon	PowerShot G9	CR2	2007	unverified	CR2 lossless JPEG decoder
Canon	PowerShot G9X	CR2	2015	unverified	CR2 lossless JPEG decoder
Canon	PowerShot G9 X Mark II	CR2	2015	unverified	CR2 lossless JPEG decoder
Canon	PowerShot G10	CR2	2008	unverified	CR2 lossless JPEG decoder
Canon	PowerShot G11	CR2	2008	unverified	CR2 lossless JPEG decoder
Canon	PowerShot G12	CR2	2010	unverified	CR2 lossless JPEG decoder
Canon	PowerShot G15	CR2	2012	unverified	CR2 lossless JPEG decoder
Canon	PowerShot G16	CR2	2013	unverified	CR2 lossless JPEG decoder
Canon	PowerShot Pro 1	CRW	2003	preview	CRW is opened from its embedded JPEG only
Canon	PowerShot Pro70	CRW	2003	preview	CRW is opened from its embedded JPEG only
Canon	PowerShot Pro90 IS	CRW	2003	preview	CRW is opened from its embedded JPEG only
Canon	PowerShot S30	CRW	2003	preview	CRW is opened from its embedded JPEG only
Canon	PowerShot S40	CRW	2003	preview	CRW is opened from its embedded JPEG only
Canon	PowerShot S45	CRW	2003	preview	CRW is opened from its embedded JPEG only
Canon	PowerShot S50	CRW	2003	preview	CRW is opened from its embedded JPEG only
Canon	PowerShot S60	CRW	2003	preview	CRW is opened from its embedded JPEG only
Canon	PowerShot S90	CR2	2008	unverified	CR2 lossless JPEG decoder
Canon	PowerShot S95	CR2	2010	unverified	CR2 lossless JPEG decoder
Canon	PowerShot S70	CRW	2003	preview	CRW is opened from its embedded JPEG only
Canon	PowerShot S100	CR2	2010	unverified	CR2 lossless JPEG decoder
Canon	PowerShot S100V	CR2	2010	unverified	CR2 lossless JPEG decoder
Canon	PowerShot S110	CR2	2012	unverified	CR2 lossless JPEG decoder
Canon	PowerShot S120	CR2	2013	unverified	CR2 lossless JPEG decoder
Canon	PowerShot SX1 IS	CR2	2008	unverified	CR2 lossless JPEG decoder
Canon	PowerShot SX50	CR2	2012	unverified	CR2 lossless JPEG decoder
Canon	PowerShot SX60 HS	CR2	2013	unverified	CR2 lossless JPEG decoder
Canon	PowerShot SX70 HS	CR3	2018	unverified	CRX decoder: lossless and C-RAW 0x100 / 0x200 single-tile; other variants fall back to the preview
Canon	PowerShot V1	CR3	2024	unverified	CRX decoder: lossless and C-RAW 0x100 / 0x200 single-tile; other variants fall back to the preview
Casio	EXILIM EX-10	DNG	2013	unverified	DNG decoder (uncompressed, LJ92, lossy, Deflate, JPEG XL, LinearRaw)
Casio	EXILIM EX-100	DNG	2013	unverified	DNG decoder (uncompressed, LJ92, lossy, Deflate, JPEG XL, LinearRaw)
Casio	EXILIM EX-100F	DNG	2015	unverified	DNG decoder (uncompressed, LJ92, lossy, Deflate, JPEG XL, LinearRaw)
Casio	EXILIM EX-100PRO	DNG	2013	unverified	DNG decoder (uncompressed, LJ92, lossy, Deflate, JPEG XL, LinearRaw)
Casio	EXILIM EX-FC300S	DNG	2012	unverified	DNG decoder (uncompressed, LJ92, lossy, Deflate, JPEG XL, LinearRaw)
Casio	EXILIM EX-FH100	DNG	2010	unverified	DNG decoder (uncompressed, LJ92, lossy, Deflate, JPEG XL, LinearRaw)
Casio	EXILIM EX-ZR700	DNG	2012	unverified	DNG decoder (uncompressed, LJ92, lossy, Deflate, JPEG XL, LinearRaw)
Casio	EXILIM EX-ZR710	DNG	2012	unverified	DNG decoder (uncompressed, LJ92, lossy, Deflate, JPEG XL, LinearRaw)
Casio	EXILIM EX-ZR750	DNG	2012	unverified	DNG decoder (uncompressed, LJ92, lossy, Deflate, JPEG XL, LinearRaw)
Casio	EXILIM EX-ZR800	DNG	2013	unverified	DNG decoder (uncompressed, LJ92, lossy, Deflate, JPEG XL, LinearRaw)
Casio	EXILIM EX-ZR850	DNG	2013	unverified	DNG decoder (uncompressed, LJ92, lossy, Deflate, JPEG XL, LinearRaw)
Casio	EXILIM EX-ZR1000	DNG	2012	unverified	DNG decoder (uncompressed, LJ92, lossy, Deflate, JPEG XL, LinearRaw)
Casio	EXILIM EX-ZR1100	DNG	2013	unverified	DNG decoder (uncompressed, LJ92, lossy, Deflate, JPEG XL, LinearRaw)
Casio	EXILIM EX-ZR1200	DNG	2013	unverified	DNG decoder (uncompressed, LJ92, lossy, Deflate, JPEG XL, LinearRaw)
Casio	EXILIM EX-ZR1300	DNG	2013	unverified	DNG decoder (uncompressed, LJ92, lossy, Deflate, JPEG XL, LinearRaw)
Casio	EXILIM EX-ZR1500	DNG	2013	unverified	DNG decoder (uncompressed, LJ92, lossy, Deflate, JPEG XL, LinearRaw)
Casio	EXILIM EX-ZR3000	DNG	2015	unverified	DNG decoder (uncompressed, LJ92, lossy, Deflate, JPEG XL, LinearRaw)
Casio	EXILIM EX-ZR3100	DNG	2015	unverified	DNG decoder (uncompressed, LJ92, lossy, Deflate, JPEG XL, LinearRaw)
Casio	EXILIM EX-ZR3200	DNG	2015	unverified	DNG decoder (uncompressed, LJ92, lossy, Deflate, JPEG XL, LinearRaw)
Casio	EXILIM EX-ZR3500	DNG	2015	unverified	DNG decoder (uncompressed, LJ92, lossy, Deflate, JPEG XL, LinearRaw)
Casio	EXILIM EX-ZR3600	DNG	2015	unverified	DNG decoder (uncompressed, LJ92, lossy, Deflate, JPEG XL, LinearRaw)
Casio	EXILIM EX-ZR3700	DNG	2015	unverified	DNG decoder (uncompressed, LJ92, lossy, Deflate, JPEG XL, LinearRaw)
Casio	EXILIM EX-ZR4000	DNG	2015	unverified	DNG decoder (uncompressed, LJ92, lossy, Deflate, JPEG XL, LinearRaw)
Casio	EXILIM EX-ZR4100	DNG	2017	unverified	DNG decoder (uncompressed, LJ92, lossy, Deflate, JPEG XL, LinearRaw)
Casio	EXILIM EX-ZR5000	DNG	2015	unverified	DNG decoder (uncompressed, LJ92, lossy, Deflate, JPEG XL, LinearRaw)
Casio	EXILIM EX-ZR5100	DNG	2017	unverified	DNG decoder (uncompressed, LJ92, lossy, Deflate, JPEG XL, LinearRaw)
Contax	N Digital	RAW	2003	preview	RAW is opened from its embedded JPEG only
DJI	DJI Mavic 2 Pro (Hasselblad L1D-20c)	DNG	2020	unverified	DNG decoder (uncompressed, LJ92, lossy, Deflate, JPEG XL, LinearRaw)
DJI	DJI AIR 2S	DNG	2020	unverified	DNG decoder (uncompressed, LJ92, lossy, Deflate, JPEG XL, LinearRaw)
DJI	DJI Mini 2	DNG	2020	unverified	DNG decoder (uncompressed, LJ92, lossy, Deflate, JPEG XL, LinearRaw)
DJI	DJI Air 3 Wide Camera	DNG	2023	unverified	DNG decoder (uncompressed, LJ92, lossy, Deflate, JPEG XL, LinearRaw)
DJI	DJI Air 3 Telephoto Camera	DNG	2023	unverified	DNG decoder (uncompressed, LJ92, lossy, Deflate, JPEG XL, LinearRaw)
DJI	DJI Mini 3 Pro	DNG	2023	unverified	DNG decoder (uncompressed, LJ92, lossy, Deflate, JPEG XL, LinearRaw)
DJI	DJI Mini 4 Pro	DNG	2023	unverified	DNG decoder (uncompressed, LJ92, lossy, Deflate, JPEG XL, LinearRaw)
DJI	DJI Mavic 3 Classic (Hasselblad L2D-20c)	DNG	2023	unverified	DNG decoder (uncompressed, LJ92, lossy, Deflate, JPEG XL, LinearRaw)
DJI	DJI Mavic 3 Cine Super Telephoto Camera	DNG	2023	unverified	DNG decoder (uncompressed, LJ92, lossy, Deflate, JPEG XL, LinearRaw)
DJI	DJI Mavic 3 Cine (Hasselblad L2D-20c)	DNG	2023	unverified	DNG decoder (uncompressed, LJ92, lossy, Deflate, JPEG XL, LinearRaw)
DJI	DJI Mavic 3 Pro Super Telephoto Camera	DNG	2023	unverified	DNG decoder (uncompressed, LJ92, lossy, Deflate, JPEG XL, LinearRaw)
DJI	DJI Mavic 3 Pro Telephoto Camera	DNG	2023	unverified	DNG decoder (uncompressed, LJ92, lossy, Deflate, JPEG XL, LinearRaw)
DJI	DJI Mavic 3 Pro (Hasselblad L2D-20c)	DNG	2023	unverified	DNG decoder (uncompressed, LJ92, lossy, Deflate, JPEG XL, LinearRaw)
DJI	DJI Mavic 3 (Hasselblad L2D-20c)	DNG	2023	unverified	DNG decoder (uncompressed, LJ92, lossy, Deflate, JPEG XL, LinearRaw)
DJI	DJI Osmo Pocket 3 D	DNG	2023	unverified	DNG decoder (uncompressed, LJ92, lossy, Deflate, JPEG XL, LinearRaw)
DJI	DJI Air 3S Telephoto Camera	DNG	2024	unverified	DNG decoder (uncompressed, LJ92, lossy, Deflate, JPEG XL, LinearRaw)
DJI	DJI Air 3S Wide Camera	DNG	2024	unverified	DNG decoder (uncompressed, LJ92, lossy, Deflate, JPEG XL, LinearRaw)
DJI	DJI Osmo Action 5 Pro	DNG	2024	unverified	DNG decoder (uncompressed, LJ92, lossy, Deflate, JPEG XL, LinearRaw)
DJI	DJI Mavic 4 Pro (DJI FC9284)	DNG	2025	unverified	DNG decoder (uncompressed, LJ92, lossy, Deflate, JPEG XL, LinearRaw)
DJI	DJI Mavic 4 Pro (DJI FC9287)	DNG	2025	unverified	DNG decoder (uncompressed, LJ92, lossy, Deflate, JPEG XL, LinearRaw)
DJI	DJI Mavic 4 Pro (Hasselblad L3D-100c)	DNG	2025	unverified	DNG decoder (uncompressed, LJ92, lossy, Deflate, JPEG XL, LinearRaw)
DxO	DxO ONE	DNG	2015	unverified	DNG decoder (uncompressed, LJ92, lossy, Deflate, JPEG XL, LinearRaw)
Epson	R-D1	ERF	2003	preview	ERF is opened from its embedded JPEG only
Epson	R-D1s	ERF	2005	preview	ERF is opened from its embedded JPEG only
Epson	R-D1x	ERF	2008	preview	ERF is opened from its embedded JPEG only
Fujifilm	GFX 50R	RAF	2017	unverified	RAF decoder (uncompressed, lossless / lossy compressed, Bayer and X-Trans)
Fujifilm	GFX 50S	RAF	2015	verified	corpus: crates/raw/tests/corpus.rs (xtask RAW_SAMPLES)
Fujifilm	GFX 50S II	RAF	2020	unverified	RAF decoder (uncompressed, lossless / lossy compressed, Bayer and X-Trans)
Fujifilm	GFX 100	RAF	2018	verified	corpus: crates/raw/tests/corpus.rs (xtask RAW_SAMPLES)
Fujifilm	GFX 100 II	RAF	2022	unverified	RAF decoder (uncompressed, lossless / lossy compressed, Bayer and X-Trans)
Fujifilm	GFX 100 II IR	RAF	2024	unverified	RAF decoder (uncompressed, lossless / lossy compressed, Bayer and X-Trans)
Fujifilm	GFX 100 IR	RAF	2020	unverified	RAF decoder (uncompressed, lossless / lossy compressed, Bayer and X-Trans)
Fujifilm	GFX 100S	RAF	2020	verified	corpus: crates/raw/tests/corpus.rs (xtask RAW_SAMPLES)
Fujifilm	GFX 100S II	RAF	2023	unverified	RAF decoder (uncompressed, lossless / lossy compressed, Bayer and X-Trans)
Fujifilm	GFX 100RF (Final Support)	RAF	2024	verified	corpus: crates/raw/tests/corpus.rs (xtask RAW_SAMPLES)
Fujifilm	FinePix E900	RAF	2005	preview	pre-X FinePix RAF without a raw IFD
Fujifilm	FinePix F505 EXR	RAF	2012	preview	pre-X FinePix RAF without a raw IFD
Fujifilm	FinePix F550 EXR	RAF	2010	preview	pre-X FinePix RAF without a raw IFD
Fujifilm	FinePix F600 EXR	RAF	2010	preview	pre-X FinePix RAF without a raw IFD
Fujifilm	FinePix F605 EXR	RAF	2012	preview	pre-X FinePix RAF without a raw IFD
Fujifilm	FinePix F700	RAF	2003	preview	pre-X FinePix RAF without a raw IFD
Fujifilm	FinePix F770 EXR	RAF	2012	preview	pre-X FinePix RAF without a raw IFD
Fujifilm	FinePix F775 EXR	RAF	2012	preview	pre-X FinePix RAF without a raw IFD
Fujifilm	FinePix F800 EXR	RAF	2012	preview	pre-X FinePix RAF without a raw IFD
Fujifilm	FinePix F900 EXR	RAF	2012	preview	pre-X FinePix RAF without a raw IFD
Fujifilm	FinePix HS10	RAF	2010	unverified	RAF decoder (uncompressed, lossless / lossy compressed, Bayer and X-Trans)
Fujifilm	FinePix HS20 EXR	RAF	2010	unverified	RAF decoder (uncompressed, lossless / lossy compressed, Bayer and X-Trans)
Fujifilm	FinePix HS22 EXR	RAF	2013	unverified	RAF decoder (uncompressed, lossless / lossy compressed, Bayer and X-Trans)
Fujifilm	FinePix HS30 EXR	RAF	2012	unverified	RAF decoder (uncompressed, lossless / lossy compressed, Bayer and X-Trans)
Fujifilm	FinePix HS33 EXR	RAF	2012	unverified	RAF decoder (uncompressed, lossless / lossy compressed, Bayer and X-Trans)
Fujifilm	FinePix HS35 EXR	RAF	2013	unverified	RAF decoder (uncompressed, lossless / lossy compressed, Bayer and X-Trans)
Fujifilm	FinePix HS50 EXR	RAF	2012	unverified	RAF decoder (uncompressed, lossless / lossy compressed, Bayer and X-Trans)
Fujifilm	FinePix IS-1	RAF	2007	preview	pre-X FinePix RAF without a raw IFD
Fujifilm	FinePix IS Pro	RAF	2008	preview	pre-X FinePix RAF without a raw IFD
Fujifilm	FinePix S1	RAF	2013	preview	pre-X FinePix RAF without a raw IFD
Fujifilm	FinePix S100fs	RAF	2007	preview	pre-X FinePix RAF without a raw IFD
Fujifilm	FinePix S2 Pro	RAF	2003	preview	pre-X FinePix RAF without a raw IFD
Fujifilm	FinePix S20 Pro	RAF	2003	preview	pre-X FinePix RAF without a raw IFD
Fujifilm	FinePix S200 EXR	RAF	2010	preview	pre-X FinePix RAF without a raw IFD
Fujifilm	FinePix S205 EXR	RAF	2013	preview	pre-X FinePix RAF without a raw IFD
Fujifilm	FinePix S3 Pro	RAF	2005	preview	pre-X FinePix RAF without a raw IFD
Fujifilm	FinePix S5 Pro	RAF	2007	preview	pre-X FinePix RAF without a raw IFD
Fujifilm	FinePix S5000 Z	RAF	2003	preview	pre-X FinePix RAF without a raw IFD
Fujifilm	FinePix S5200 (FinePix S5600)	RAF	2005	preview	pre-X FinePix RAF without a raw IFD
Fujifilm	FinePix S6000fd (FinePix S6500fd)	RAF	2005	preview	pre-X FinePix RAF without a raw IFD
Fujifilm	FinePix S7000 Z	RAF	2003	preview	pre-X FinePix RAF without a raw IFD
Fujifilm	FinePix S9000 (FinePix S9500)	RAF	2005	preview	pre-X FinePix RAF without a raw IFD
Fujifilm	FinePix S9100 (FinePix S9600)	RAF	2005	preview	pre-X FinePix RAF without a raw IFD
Fujifilm	FinePix SL1000	RAF	2012	unverified	RAF decoder (uncompressed, lossless / lossy compressed, Bayer and X-Trans)
Fujifilm	FinePix X10	RAF	2010	unverified	RAF decoder (uncompressed, lossless / lossy compressed, Bayer and X-Trans)
Fujifilm	FinePix X100	RAF	2010	unverified	RAF decoder (uncompressed, lossless / lossy compressed, Bayer and X-Trans)
Fujifilm	FinePix X-M1	RAF	2013	unverified	RAF decoder (uncompressed, lossless / lossy compressed, Bayer and X-Trans)
Fujifilm	FinePix X-S1	RAF	2012	unverified	RAF decoder (uncompressed, lossless / lossy compressed, Bayer and X-Trans)
Fujifilm	X100F	RAF	2015	unverified	RAF decoder (uncompressed, lossless / lossy compressed, Bayer and X-Trans)
Fujifilm	X100S	RAF	2012	unverified	RAF decoder (uncompressed, lossless / lossy compressed, Bayer and X-Trans)
Fujifilm	X100T	RAF	2013	unverified	RAF decoder (uncompressed, lossless / lossy compressed, Bayer and X-Trans)
Fujifilm	X100V**	RAF	2019	unverified	RAF decoder (uncompressed, lossless / lossy compressed, Bayer and X-Trans)
Fujifilm	X100VI	RAF	2023	unverified	RAF decoder (uncompressed, lossless / lossy compressed, Bayer and X-Trans)
Fujifilm	X20	RAF	2012	unverified	RAF decoder (uncompressed, lossless / lossy compressed, Bayer and X-Trans)
Fujifilm	X30	RAF	2013	unverified	RAF decoder (uncompressed, lossless / lossy compressed, Bayer and X-Trans)
Fujifilm	X70	RAF	2015	unverified	RAF decoder (uncompressed, lossless / lossy compressed, Bayer and X-Trans)
Fujifilm	X-A1	RAF	2013	unverified	RAF decoder (uncompressed, lossless / lossy compressed, Bayer and X-Trans)
Fujifilm	X-A2	RAF	2015	verified	corpus: crates/raw/tests/corpus.rs (xtask RAW_SAMPLES)
Fujifilm	X-A3	RAF	2015	unverified	RAF decoder (uncompressed, lossless / lossy compressed, Bayer and X-Trans)
Fujifilm	X-A5	RAF	2017	verified	corpus: crates/raw/tests/corpus.rs (xtask RAW_SAMPLES)
Fujifilm	X-A7	RAF	2018	unverified	RAF decoder (uncompressed, lossless / lossy compressed, Bayer and X-Trans)
Fujifilm	X-A10	RAF	2015	unverified	RAF decoder (uncompressed, lossless / lossy compressed, Bayer and X-Trans)
Fujifilm	X-A20	RAF	2017	unverified	RAF decoder (uncompressed, lossless / lossy compressed, Bayer and X-Trans)
Fujifilm	X-E1	RAF	2012	verified	corpus: crates/raw/tests/corpus.rs (xtask RAW_SAMPLES)
Fujifilm	X-E2	RAF	2013	unverified	RAF decoder (uncompressed, lossless / lossy compressed, Bayer and X-Trans)
Fujifilm	X-E2S	RAF	2015	unverified	RAF decoder (uncompressed, lossless / lossy compressed, Bayer and X-Trans)
Fujifilm	X-E3	RAF	2017	unverified	RAF decoder (uncompressed, lossless / lossy compressed, Bayer and X-Trans)
Fujifilm	X-E4	RAF	2020	unverified	RAF decoder (uncompressed, lossless / lossy compressed, Bayer and X-Trans)
Fujifilm	X-E5	RAF	2024	verified	corpus: crates/raw/tests/corpus.rs (xtask RAW_SAMPLES)
Fujifilm	X-H1	RAF	2017	unverified	RAF decoder (uncompressed, lossless / lossy compressed, Bayer and X-Trans)
Fujifilm	X-H2 IR	RAF	2024	unverified	RAF decoder (uncompressed, lossless / lossy compressed, Bayer and X-Trans)
Fujifilm	X-H2S	RAF	2021	verified	docs/raf-compression.md (supplied files, exact sensor arrays)
Fujifilm	X-M5	RAF	2024	verified	corpus: crates/raw/tests/corpus.rs (xtask RAW_SAMPLES)
Fujifilm	X-Pro1	RAF	2012	unverified	RAF decoder (uncompressed, lossless / lossy compressed, Bayer and X-Trans)
Fujifilm	X-Pro2	RAF	2015	unverified	RAF decoder (uncompressed, lossless / lossy compressed, Bayer and X-Trans)
Fujifilm	X-Pro3**	RAF	2019	unverified	RAF decoder (uncompressed, lossless / lossy compressed, Bayer and X-Trans)
Fujifilm	X-S10	RAF	2020	unverified	RAF decoder (uncompressed, lossless / lossy compressed, Bayer and X-Trans)
Fujifilm	X-S20	RAF	2022	unverified	RAF decoder (uncompressed, lossless / lossy compressed, Bayer and X-Trans)
Fujifilm	X-T1	RAF	2013	unverified	RAF decoder (uncompressed, lossless / lossy compressed, Bayer and X-Trans)
Fujifilm	X-T1 IR	RAF	2015	unverified	RAF decoder (uncompressed, lossless / lossy compressed, Bayer and X-Trans)
Fujifilm	X-T2	RAF	2015	verified	corpus: crates/raw/tests/corpus.rs (xtask RAW_SAMPLES)
Fujifilm	X-T3	RAF	2018	unverified	RAF decoder (uncompressed, lossless / lossy compressed, Bayer and X-Trans)
Fujifilm	X-T4**	RAF	2019	verified	corpus: crates/raw/tests/corpus.rs (xtask RAW_SAMPLES)
Fujifilm	X-T5	RAF	2022	verified	corpus: crates/raw/tests/corpus.rs (xtask RAW_SAMPLES)
Fujifilm	X-T10	RAF	2015	unverified	RAF decoder (uncompressed, lossless / lossy compressed, Bayer and X-Trans)
Fujifilm	X-T20	RAF	2015	verified	corpus: crates/raw/tests/corpus.rs (xtask RAW_SAMPLES)
Fujifilm	X-T30	RAF	2018	unverified	RAF decoder (uncompressed, lossless / lossy compressed, Bayer and X-Trans)
Fujifilm	X-T30 II	RAF	2021	unverified	RAF decoder (uncompressed, lossless / lossy compressed, Bayer and X-Trans)
Fujifilm	X-T30 III	RAF	2022	unverified	RAF decoder (uncompressed, lossless / lossy compressed, Bayer and X-Trans)
Fujifilm	X-T50	RAF	2023	verified	corpus: crates/raw/tests/corpus.rs (xtask RAW_SAMPLES)
Fujifilm	X-T100	RAF	2017	unverified	RAF decoder (uncompressed, lossless / lossy compressed, Bayer and X-Trans)
Fujifilm	X-T200	RAF	2019	unverified	RAF decoder (uncompressed, lossless / lossy compressed, Bayer and X-Trans)
Fujifilm	XF1	RAF	2012	unverified	RAF decoder (uncompressed, lossless / lossy compressed, Bayer and X-Trans)
Fujifilm	XF10	RAF	2017	unverified	RAF decoder (uncompressed, lossless / lossy compressed, Bayer and X-Trans)
Fujifilm	XQ1	RAF	2013	unverified	RAF decoder (uncompressed, lossless / lossy compressed, Bayer and X-Trans)
Fujifilm	XQ2	RAF	2015	unverified	RAF decoder (uncompressed, lossless / lossy compressed, Bayer and X-Trans)
Fujifilm	X-H2	RAF	2021	verified	corpus: crates/raw/tests/corpus.rs (xtask RAW_SAMPLES)
Google	Pixel	DNG	2015	unverified	DNG decoder (uncompressed, LJ92, lossy, Deflate, JPEG XL, LinearRaw)
Google	Pixel XL	DNG	2015	unverified	DNG decoder (uncompressed, LJ92, lossy, Deflate, JPEG XL, LinearRaw)
Google	Pixel 2	DNG	2017	unverified	DNG decoder (uncompressed, LJ92, lossy, Deflate, JPEG XL, LinearRaw)
Google	Pixel 2 XL	DNG	2017	verified	corpus: crates/raw/tests/corpus.rs (xtask RAW_SAMPLES)
Google	Pixel 3	DNG	2018	unverified	DNG decoder (uncompressed, LJ92, lossy, Deflate, JPEG XL, LinearRaw)
Google	Pixel 3 Front Standard Camera	DNG	2018	unverified	DNG decoder (uncompressed, LJ92, lossy, Deflate, JPEG XL, LinearRaw)
Google	Pixel 3 Front Wide Camera	DNG	2018	unverified	DNG decoder (uncompressed, LJ92, lossy, Deflate, JPEG XL, LinearRaw)
Google	Pixel 3 XL	DNG	2018	unverified	DNG decoder (uncompressed, LJ92, lossy, Deflate, JPEG XL, LinearRaw)
Google	Pixel 3 XL Front Standard Camera	DNG	2018	unverified	DNG decoder (uncompressed, LJ92, lossy, Deflate, JPEG XL, LinearRaw)
Google	Pixel 3 XL Front Wide Camera	DNG	2018	unverified	DNG decoder (uncompressed, LJ92, lossy, Deflate, JPEG XL, LinearRaw)
Google	Pixel 4	DNG	2019	unverified	DNG decoder (uncompressed, LJ92, lossy, Deflate, JPEG XL, LinearRaw)
Google	Pixel 4 XL	DNG	2019	unverified	DNG decoder (uncompressed, LJ92, lossy, Deflate, JPEG XL, LinearRaw)
Google	Pixel 5 Front Camera	DNG	2020	unverified	DNG decoder (uncompressed, LJ92, lossy, Deflate, JPEG XL, LinearRaw)
Google	Pixel 5 Rear Main Camera	DNG	2020	unverified	DNG decoder (uncompressed, LJ92, lossy, Deflate, JPEG XL, LinearRaw)
Google	Pixel 5 Rear Ultra Wide Camera	DNG	2020	unverified	DNG decoder (uncompressed, LJ92, lossy, Deflate, JPEG XL, LinearRaw)
Google	Pixel 6 Front Camera	DNG	2021	unverified	DNG decoder (uncompressed, LJ92, lossy, Deflate, JPEG XL, LinearRaw)
Google	Pixel 6 Rear Main Camera	DNG	2021	unverified	DNG decoder (uncompressed, LJ92, lossy, Deflate, JPEG XL, LinearRaw)
Google	Pixel 6 Rear Ultrawide Camera	DNG	2021	unverified	DNG decoder (uncompressed, LJ92, lossy, Deflate, JPEG XL, LinearRaw)
Google	Pixel 6 Pro Front Camera	DNG	2021	unverified	DNG decoder (uncompressed, LJ92, lossy, Deflate, JPEG XL, LinearRaw)
Google	Pixel 6 Pro Rear Main Camera	DNG	2021	unverified	DNG decoder (uncompressed, LJ92, lossy, Deflate, JPEG XL, LinearRaw)
Google	Pixel 6 Pro Rear Telephoto Camera	DNG	2021	unverified	DNG decoder (uncompressed, LJ92, lossy, Deflate, JPEG XL, LinearRaw)
Google	Pixel 6 Pro Rear Ultrawide Camera	DNG	2021	unverified	DNG decoder (uncompressed, LJ92, lossy, Deflate, JPEG XL, LinearRaw)
Google	Pixel 7 Front Camera	DNG	2022	unverified	DNG decoder (uncompressed, LJ92, lossy, Deflate, JPEG XL, LinearRaw)
Google	Pixel 7 Ultrawide Camera	DNG	2022	unverified	DNG decoder (uncompressed, LJ92, lossy, Deflate, JPEG XL, LinearRaw)
Google	Pixel 7 Wide Camera	DNG	2022	unverified	DNG decoder (uncompressed, LJ92, lossy, Deflate, JPEG XL, LinearRaw)
Google	Pixel 7 Pro Front Camera	DNG	2022	unverified	DNG decoder (uncompressed, LJ92, lossy, Deflate, JPEG XL, LinearRaw)
Google	Pixel 7 Pro Telephoto Camera	DNG	2022	unverified	DNG decoder (uncompressed, LJ92, lossy, Deflate, JPEG XL, LinearRaw)
Google	Pixel 7 Pro Ultrawide Camera	DNG	2022	unverified	DNG decoder (uncompressed, LJ92, lossy, Deflate, JPEG XL, LinearRaw)
Google	Pixel 7 Pro Wide Camera	DNG	2022	unverified	DNG decoder (uncompressed, LJ92, lossy, Deflate, JPEG XL, LinearRaw)
Google	Pixel 4a Front Camera	DNG	2022	unverified	DNG decoder (uncompressed, LJ92, lossy, Deflate, JPEG XL, LinearRaw)
Google	Pixel 4a Rear Wide Camera	DNG	2022	unverified	DNG decoder (uncompressed, LJ92, lossy, Deflate, JPEG XL, LinearRaw)
Google	Pixel 5a Front Camera	DNG	2022	unverified	DNG decoder (uncompressed, LJ92, lossy, Deflate, JPEG XL, LinearRaw)
Google	Pixel 5a Rear Main Camera	DNG	2022	unverified	DNG decoder (uncompressed, LJ92, lossy, Deflate, JPEG XL, LinearRaw)
Google	Pixel 5a Rear Ultra Wide Camera	DNG	2022	unverified	DNG decoder (uncompressed, LJ92, lossy, Deflate, JPEG XL, LinearRaw)
Google	Pixel 6a Front Camera	DNG	2022	unverified	DNG decoder (uncompressed, LJ92, lossy, Deflate, JPEG XL, LinearRaw)
Google	Pixel 6a Rear Main Camera	DNG	2022	unverified	DNG decoder (uncompressed, LJ92, lossy, Deflate, JPEG XL, LinearRaw)
Google	Pixel 6a Rear Ultrawide Camera	DNG	2022	unverified	DNG decoder (uncompressed, LJ92, lossy, Deflate, JPEG XL, LinearRaw)
Google	Pixel 7a Front Camera	DNG	2022	unverified	DNG decoder (uncompressed, LJ92, lossy, Deflate, JPEG XL, LinearRaw)
Google	Pixel 7a Ultrawide Camera	DNG	2022	unverified	DNG decoder (uncompressed, LJ92, lossy, Deflate, JPEG XL, LinearRaw)
Google	Pixel 7a Wide Camera	DNG	2022	unverified	DNG decoder (uncompressed, LJ92, lossy, Deflate, JPEG XL, LinearRaw)
Google	Pixel 8 Front Camera*	DNG	2023	unverified	DNG decoder (uncompressed, LJ92, lossy, Deflate, JPEG XL, LinearRaw)
Google	Pixel 8 Ultrawide Camera*	DNG	2023	unverified	DNG decoder (uncompressed, LJ92, lossy, Deflate, JPEG XL, LinearRaw)
Google	Pixel 8 Wide Camera*	DNG	2023	unverified	DNG decoder (uncompressed, LJ92, lossy, Deflate, JPEG XL, LinearRaw)
Google	Pixel 8 Pro Front Camera*	DNG	2023	unverified	DNG decoder (uncompressed, LJ92, lossy, Deflate, JPEG XL, LinearRaw)
Google	Pixel 8 Pro Telephoto Camera*	DNG	2023	unverified	DNG decoder (uncompressed, LJ92, lossy, Deflate, JPEG XL, LinearRaw)
Google	Pixel 8 Pro Ultrawide Camera*	DNG	2023	unverified	DNG decoder (uncompressed, LJ92, lossy, Deflate, JPEG XL, LinearRaw)
Google	Pixel 8 Pro Wide Camera*	DNG	2023	unverified	DNG decoder (uncompressed, LJ92, lossy, Deflate, JPEG XL, LinearRaw)
Google	Pixel 8a Front Camera	DNG	2023	unverified	DNG decoder (uncompressed, LJ92, lossy, Deflate, JPEG XL, LinearRaw)
Google	Pixel 8a Ultrawide Camera	DNG	2023	unverified	DNG decoder (uncompressed, LJ92, lossy, Deflate, JPEG XL, LinearRaw)
Google	Pixel 8a Wide Camera	DNG	2023	unverified	DNG decoder (uncompressed, LJ92, lossy, Deflate, JPEG XL, LinearRaw)
Google	Pixel 9 Front Camera	DNG	2023	unverified	DNG decoder (uncompressed, LJ92, lossy, Deflate, JPEG XL, LinearRaw)
Google	Pixel 9 Ultrawide Camera	DNG	2023	unverified	DNG decoder (uncompressed, LJ92, lossy, Deflate, JPEG XL, LinearRaw)
Google	Pixel 9 Wide Camera	DNG	2023	unverified	DNG decoder (uncompressed, LJ92, lossy, Deflate, JPEG XL, LinearRaw)
Google	Pixel 9 Pro Front Camera	DNG	2023	unverified	DNG decoder (uncompressed, LJ92, lossy, Deflate, JPEG XL, LinearRaw)
Google	Pixel 9 Pro Telephoto Camera	DNG	2023	unverified	DNG decoder (uncompressed, LJ92, lossy, Deflate, JPEG XL, LinearRaw)
Google	Pixel 9 Pro Ultrawide Camera	DNG	2023	unverified	DNG decoder (uncompressed, LJ92, lossy, Deflate, JPEG XL, LinearRaw)
Google	Pixel 9 Pro Wide Camera	DNG	2023	unverified	DNG decoder (uncompressed, LJ92, lossy, Deflate, JPEG XL, LinearRaw)
Google	Pixel 9 Pro XL Front Camera	DNG	2023	unverified	DNG decoder (uncompressed, LJ92, lossy, Deflate, JPEG XL, LinearRaw)
Google	Pixel Pixel 9 Pro XL Telephoto Camera	DNG	2023	unverified	DNG decoder (uncompressed, LJ92, lossy, Deflate, JPEG XL, LinearRaw)
Google	Pixel Pixel 9 Pro XL Ultrawide Camera	DNG	2023	unverified	DNG decoder (uncompressed, LJ92, lossy, Deflate, JPEG XL, LinearRaw)
Google	Pixel 9 Pro XL Wide Camera	DNG	2023	unverified	DNG decoder (uncompressed, LJ92, lossy, Deflate, JPEG XL, LinearRaw)
Google	Pixel 9 Pro Fold Front Camera	DNG	2023	unverified	DNG decoder (uncompressed, LJ92, lossy, Deflate, JPEG XL, LinearRaw)
Google	Pixel 9 Pro Fold Telephoto Camera	DNG	2023	unverified	DNG decoder (uncompressed, LJ92, lossy, Deflate, JPEG XL, LinearRaw)
Google	Pixel 9 Pro Fold Ultrawide Camera	DNG	2023	unverified	DNG decoder (uncompressed, LJ92, lossy, Deflate, JPEG XL, LinearRaw)
Google	Pixel 9 Pro Fold Wide Camera	DNG	2023	unverified	DNG decoder (uncompressed, LJ92, lossy, Deflate, JPEG XL, LinearRaw)
Google	Pixel 9a Front Camera	DNG	2024	unverified	DNG decoder (uncompressed, LJ92, lossy, Deflate, JPEG XL, LinearRaw)
Google	Pixel 9a Ultrawide Camera	DNG	2024	unverified	DNG decoder (uncompressed, LJ92, lossy, Deflate, JPEG XL, LinearRaw)
Google	Pixel 9a Wide Camera	DNG	2024	unverified	DNG decoder (uncompressed, LJ92, lossy, Deflate, JPEG XL, LinearRaw)
Google	Pixel 10 Pro Front Camera	DNG	2025	unverified	DNG decoder (uncompressed, LJ92, lossy, Deflate, JPEG XL, LinearRaw)
Google	Pixel 10 Pro Telephoto Camera	DNG	2025	unverified	DNG decoder (uncompressed, LJ92, lossy, Deflate, JPEG XL, LinearRaw)
Google	Pixel 10 Pro Ultrawide Camera	DNG	2025	unverified	DNG decoder (uncompressed, LJ92, lossy, Deflate, JPEG XL, LinearRaw)
Google	Pixel 10 Pro Wide Camera	DNG	2025	unverified	DNG decoder (uncompressed, LJ92, lossy, Deflate, JPEG XL, LinearRaw)
Google	Pixel 10 Pro XL Front Camera	DNG	2025	unverified	DNG decoder (uncompressed, LJ92, lossy, Deflate, JPEG XL, LinearRaw)
Google	Pixel 10 Pro XL Telephoto Camera	DNG	2025	unverified	DNG decoder (uncompressed, LJ92, lossy, Deflate, JPEG XL, LinearRaw)
Google	Pixel 10 Pro XL Ultrawide Camera	DNG	2025	unverified	DNG decoder (uncompressed, LJ92, lossy, Deflate, JPEG XL, LinearRaw)
Google	Pixel 10 Pro XL Wide Camera	DNG	2025	unverified	DNG decoder (uncompressed, LJ92, lossy, Deflate, JPEG XL, LinearRaw)
Google	Pixel 10 Front Camera	DNG	2025	unverified	DNG decoder (uncompressed, LJ92, lossy, Deflate, JPEG XL, LinearRaw)
Google	Pixel 10 Telephoto Camera	DNG	2025	unverified	DNG decoder (uncompressed, LJ92, lossy, Deflate, JPEG XL, LinearRaw)
Google	Pixel 10 Ultrawide Camera	DNG	2025	unverified	DNG decoder (uncompressed, LJ92, lossy, Deflate, JPEG XL, LinearRaw)
Google	Pixel 10 Wide Camera	DNG	2025	unverified	DNG decoder (uncompressed, LJ92, lossy, Deflate, JPEG XL, LinearRaw)
Google	Pixel 10 Pro Fold Front Camera	DNG	2025	unverified	DNG decoder (uncompressed, LJ92, lossy, Deflate, JPEG XL, LinearRaw)
Google	Pixel 10 Pro Fold Telephoto Camera	DNG	2025	unverified	DNG decoder (uncompressed, LJ92, lossy, Deflate, JPEG XL, LinearRaw)
Google	Pixel 10 Pro Fold Ultrawide Camera	DNG	2025	unverified	DNG decoder (uncompressed, LJ92, lossy, Deflate, JPEG XL, LinearRaw)
Google	Pixel 10 Pro Fold Wide Camera	DNG	2025	unverified	DNG decoder (uncompressed, LJ92, lossy, Deflate, JPEG XL, LinearRaw)
Google	Pixel Fold Inner Camera	DNG	2022	unverified	DNG decoder (uncompressed, LJ92, lossy, Deflate, JPEG XL, LinearRaw)
Google	Pixel Fold Telephoto Camera	DNG	2022	unverified	DNG decoder (uncompressed, LJ92, lossy, Deflate, JPEG XL, LinearRaw)
Google	Pixel Fold Ultrawide Camera	DNG	2022	unverified	DNG decoder (uncompressed, LJ92, lossy, Deflate, JPEG XL, LinearRaw)
Google	Pixel Fold Wide Camera	DNG	2022	unverified	DNG decoder (uncompressed, LJ92, lossy, Deflate, JPEG XL, LinearRaw)
GoPro	FUSION	GPR	2017	unsupported	GPR is not imported
GoPro	HERO5 Black	GPR	2015	unsupported	GPR is not imported
GoPro	HERO6 Black	GPR	2017	unsupported	GPR is not imported
GoPro	HERO7 Black	GPR	2018	unsupported	GPR is not imported
GoPro	HERO10 Black	GPR	2021	unsupported	GPR is not imported
GoPro	HERO12 Black	GPR	2024	unsupported	GPR is not imported
GoPro	HERO13 Black	GPR	2024	unsupported	GPR is not imported
GoPro	MISSION 1	GPR	2025	unsupported	GPR is not imported
GoPro	MISSION 1 PRO	GPR	2025	unsupported	GPR is not imported
Hasselblad	503CWD	3FR	2008	preview	3FR is opened from its embedded JPEG only
Hasselblad	A6D-100c	3FR	2017	preview	3FR is opened from its embedded JPEG only
Hasselblad	CF-22	3FR	2008	preview	3FR is opened from its embedded JPEG only
Hasselblad	CF-22MS	3FR	2008	preview	3FR is opened from its embedded JPEG only
Hasselblad	CF-39	3FR	2008	preview	3FR is opened from its embedded JPEG only
Hasselblad	CF-39MS	3FR	2008	preview	3FR is opened from its embedded JPEG only
Hasselblad	CFH-22	3FR	2008	preview	3FR is opened from its embedded JPEG only
Hasselblad	CFH-39	3FR	2008	preview	3FR is opened from its embedded JPEG only
Hasselblad	CFV	3FR	2008	preview	3FR is opened from its embedded JPEG only
Hasselblad	CFV-50c	3FR	2008	preview	3FR is opened from its embedded JPEG only
Hasselblad	H2D	DNG	2003	unverified	DNG decoder (uncompressed, LJ92, lossy, Deflate, JPEG XL, LinearRaw)
Hasselblad	H2D-22	3FR	2008	preview	3FR is opened from its embedded JPEG only
Hasselblad	H2D-39	3FR	2008	preview	3FR is opened from its embedded JPEG only
Hasselblad	H3D-22	3FR	2008	preview	3FR is opened from its embedded JPEG only
Hasselblad	H3D-39	3FR	2008	preview	3FR is opened from its embedded JPEG only
Hasselblad	H3DII-22	3FR	2008	preview	3FR is opened from its embedded JPEG only
Hasselblad	H3DII-31	3FR	2008	preview	3FR is opened from its embedded JPEG only
Hasselblad	H3DII-39	3FR	2008	preview	3FR is opened from its embedded JPEG only
Hasselblad	H3DII-39MS	3FR	2008	preview	3FR is opened from its embedded JPEG only
Hasselblad	H3DII-50	3FR	2008	preview	3FR is opened from its embedded JPEG only
Hasselblad	H4D-40	3FR	2010	preview	3FR is opened from its embedded JPEG only
Hasselblad	H4D-60	3FR	2010	preview	3FR is opened from its embedded JPEG only
Hasselblad	H5D-40	3FR	2012	preview	3FR is opened from its embedded JPEG only
Hasselblad	H5D-50	3FR	2012	preview	3FR is opened from its embedded JPEG only
Hasselblad	H5D-50c	3FR	2013	preview	3FR is opened from its embedded JPEG only
Hasselblad	H5D-60	3FR	2013	preview	3FR is opened from its embedded JPEG only
Hasselblad	H6D-100c	3FR	2015	preview	3FR is opened from its embedded JPEG only
Hasselblad	HV	ARW	2013	unverified	ARW decoder (uncompressed, cRAW, packed 12-bit, lossless, downsized YCbCr)
Hasselblad	Lunar	3FR	2012	preview	3FR is opened from its embedded JPEG only
Hasselblad	Stellar II	3FR	2015	preview	3FR is opened from its embedded JPEG only
Hasselblad	X1D	3FR	2015	preview	3FR is opened from its embedded JPEG only
Hasselblad	X2D II 100C (**)	3FR	2024	preview	3FR is opened from its embedded JPEG only
Hasselblad	X1D II 50C	3FR	2018	preview	3FR is opened from its embedded JPEG only
Hasselblad	X2D 100C	3FR	2021	preview	3FR is opened from its embedded JPEG only
Huawei	Honor 20 Pro Rear Main Camera	DNG	2019	unverified	DNG decoder (uncompressed, LJ92, lossy, Deflate, JPEG XL, LinearRaw)
Huawei	Honor 20 Pro Rear Telephoto Camera	DNG	2019	unverified	DNG decoder (uncompressed, LJ92, lossy, Deflate, JPEG XL, LinearRaw)
Huawei	Honor 20 Pro Rear Wide Camera	DNG	2019	unverified	DNG decoder (uncompressed, LJ92, lossy, Deflate, JPEG XL, LinearRaw)
Huawei	Mate 10 Pro	DNG	2019	unverified	DNG decoder (uncompressed, LJ92, lossy, Deflate, JPEG XL, LinearRaw)
Huawei	P30 Rear Main Camera	DNG	2019	unverified	DNG decoder (uncompressed, LJ92, lossy, Deflate, JPEG XL, LinearRaw)
Huawei	P30 Rear Telephoto Camera	DNG	2019	unverified	DNG decoder (uncompressed, LJ92, lossy, Deflate, JPEG XL, LinearRaw)
Huawei	P30 Rear Wide Camera	DNG	2019	unverified	DNG decoder (uncompressed, LJ92, lossy, Deflate, JPEG XL, LinearRaw)
Huawei	P30 Pro Rear Main Camera	DNG	2019	unverified	DNG decoder (uncompressed, LJ92, lossy, Deflate, JPEG XL, LinearRaw)
Huawei	P30 Pro Rear Telephoto Camera	DNG	2019	unverified	DNG decoder (uncompressed, LJ92, lossy, Deflate, JPEG XL, LinearRaw)
Huawei	P30 Pro Rear Wide Camera	DNG	2019	unverified	DNG decoder (uncompressed, LJ92, lossy, Deflate, JPEG XL, LinearRaw)
Huawei	P9 Lite	DNG	2018	unverified	DNG decoder (uncompressed, LJ92, lossy, Deflate, JPEG XL, LinearRaw)
Insta360	Ace Pro 2	DNG	2025	unverified	DNG decoder (uncompressed, LJ92, lossy, Deflate, JPEG XL, LinearRaw)
Insta360	GO Ultra	DNG	2025	unverified	DNG decoder (uncompressed, LJ92, lossy, Deflate, JPEG XL, LinearRaw)
Kodak	DCS 14n	DCR	2003	unsupported	DCR is not imported
Kodak	DCS 720x	DCR	2003	unsupported	DCR is not imported
Kodak	DCS 760	DCR	2003	unsupported	DCR is not imported
Kodak	DCS Pro 14nx	DCR	2003	unsupported	DCR is not imported
Kodak	DCS Pro SLR/n	DCR	2003	unsupported	DCR is not imported
Kodak	EasyShare P712	DCR	2005	unsupported	DCR is not imported
Kodak	EasyShare P850	KDC	2005	preview	KDC is opened from its embedded JPEG only
Kodak	EasyShare P880	KDC	2005	preview	KDC is opened from its embedded JPEG only
Kodak	EasyShare Z1015 IS	KDC	2008	preview	KDC is opened from its embedded JPEG only
Kodak	EasyShare Z980	KDC	2008	preview	KDC is opened from its embedded JPEG only
Kodak	EasyShare Z981	RAW	2010	preview	RAW is opened from its embedded JPEG only
Kodak	EasyShare Z990	RAW	2010	preview	RAW is opened from its embedded JPEG only
Konica Minolta	Alpha-5 Digital (China)	MRW	2005	preview	MRW is opened from its embedded JPEG only
Konica Minolta	Alpha Sweet Digital (Japan)	MRW	2005	preview	MRW is opened from its embedded JPEG only
Konica Minolta	DiMAGE 5	MRW	2003	preview	MRW is opened from its embedded JPEG only
Konica Minolta	DiMAGE 7	MRW	2003	preview	MRW is opened from its embedded JPEG only
Konica Minolta	DiMAGE 7i	MRW	2003	preview	MRW is opened from its embedded JPEG only
Konica Minolta	DiMAGE 7Hi	MRW	2003	preview	MRW is opened from its embedded JPEG only
Konica Minolta	DiMAGE A1	MRW	2003	preview	MRW is opened from its embedded JPEG only
Konica Minolta	DiMAGE A2	MRW	2003	preview	MRW is opened from its embedded JPEG only
Konica Minolta	DiMAGE A200	MRW	2003	preview	MRW is opened from its embedded JPEG only
Konica Minolta	Maxxum 5D Dynax 5D	MRW	2005	preview	MRW is opened from its embedded JPEG only
Konica Minolta	Maxxum 7D Dynax 7D	MRW	2003	preview	MRW is opened from its embedded JPEG only
Leaf	AFi II 6	MOS	2008	preview	MOS is opened from its embedded JPEG only
Leaf	AFi II 7	MOS	2008	preview	MOS is opened from its embedded JPEG only
Leaf	Aptus 17	MOS	2007	preview	MOS is opened from its embedded JPEG only
Leaf	Aptus 22	MOS	2005	preview	MOS is opened from its embedded JPEG only
Leaf	Aptus 54s	MOS	2007	preview	MOS is opened from its embedded JPEG only
Leaf	Aptus 65	MOS	2005	preview	MOS is opened from its embedded JPEG only
Leaf	Aptus 75	MOS	2005	preview	MOS is opened from its embedded JPEG only
Leaf	Aptus 75s	MOS	2007	preview	MOS is opened from its embedded JPEG only
Leaf	Aptus-II 5	MOS	2008	preview	MOS is opened from its embedded JPEG only
Leaf	Aptus-II 6	MOS	2008	preview	MOS is opened from its embedded JPEG only
Leaf	Aptus-II 7	MOS	2008	preview	MOS is opened from its embedded JPEG only
Leaf	Aptus-II 8	MOS	2010	preview	MOS is opened from its embedded JPEG only
Leaf	Aptus-II 10R	MOS	2010	preview	MOS is opened from its embedded JPEG only
Leaf	Aptus-II 12	MOS	2010	preview	MOS is opened from its embedded JPEG only
Leaf	Valeo 6	MOS	2003	preview	MOS is opened from its embedded JPEG only
Leaf	Valeo 11	MOS	2003	preview	MOS is opened from its embedded JPEG only
Leaf	Valeo 17	MOS	2005	preview	MOS is opened from its embedded JPEG only
Leaf	Valeo 22	MOS	2003	preview	MOS is opened from its embedded JPEG only
Leaf	Credo 40	IIQ	2012	preview	IIQ is opened from its embedded JPEG only
Leaf	Credo 50	IIQ	2013	preview	IIQ is opened from its embedded JPEG only
Leaf	Credo 60	IIQ	2012	preview	IIQ is opened from its embedded JPEG only
Leaf	Credo 80	IIQ	2012	preview	IIQ is opened from its embedded JPEG only
Leica	C (Typ 112)	RWL	2013	verified	PR #215: 178 raw.pixls.us files from 118 Panasonic / Leica bodies, every RW2 format
Leica	CL	DNG	2017	unverified	DNG decoder (uncompressed, LJ92, lossy, Deflate, JPEG XL, LinearRaw)
Leica	C-Lux	DNG	2017	unverified	DNG decoder (uncompressed, LJ92, lossy, Deflate, JPEG XL, LinearRaw)
Leica	D-Lux 2	RAW	2005	unverified	Panasonic decoder, every raw format
Leica	D-Lux 3	RAW	2005	verified	PR #215: raw.pixls.us bulk check of every RW2 / RWL / RAW body
Leica	D-Lux 4	RWL	2008	verified	PR #215: 178 raw.pixls.us files from 118 Panasonic / Leica bodies, every RW2 format
Leica	D-Lux 5	RWL	2010	verified	PR #215: 178 raw.pixls.us files from 118 Panasonic / Leica bodies, every RW2 format
Leica	D-Lux 6	RWL	2012	verified	PR #215: 178 raw.pixls.us files from 118 Panasonic / Leica bodies, every RW2 format
Leica	D-Lux 7	RWL	2018	verified	PR #215: 178 raw.pixls.us files from 118 Panasonic / Leica bodies, every RW2 format
Leica	D-Lux (Typ 109)	RWL	2013	verified	PR #215: 178 raw.pixls.us files from 118 Panasonic / Leica bodies, every RW2 format
Leica	D-Lux 8	DNG	2023	unverified	DNG decoder (uncompressed, LJ92, lossy, Deflate, JPEG XL, LinearRaw)
Leica	D-Lux 8 "100 Years of Leica"	DNG	2025	unverified	DNG decoder (uncompressed, LJ92, lossy, Deflate, JPEG XL, LinearRaw)
Leica	Digilux 2	RAW	2003	verified	PR #215: raw.pixls.us bulk check of every RW2 / RWL / RAW body
Leica	Digilux 3	RAW	2005	verified	PR #215: 178 raw.pixls.us files from 118 Panasonic / Leica bodies, every RW2 format
Leica	Digital-Modul-R	DNG	2003	unverified	DNG decoder (uncompressed, LJ92, lossy, Deflate, JPEG XL, LinearRaw)
Leica	Leitz Phone 3	DNG	2023	unverified	DNG decoder (uncompressed, LJ92, lossy, Deflate, JPEG XL, LinearRaw)
Leica	M8	DNG	2003	unverified	DNG decoder (uncompressed, LJ92, lossy, Deflate, JPEG XL, LinearRaw)
Leica	M9	DNG	2008	unverified	DNG decoder (uncompressed, LJ92, lossy, Deflate, JPEG XL, LinearRaw)
Leica	M10	DNG	2015	unverified	DNG decoder (uncompressed, LJ92, lossy, Deflate, JPEG XL, LinearRaw)
Leica	M10-D	DNG	2018	unverified	DNG decoder (uncompressed, LJ92, lossy, Deflate, JPEG XL, LinearRaw)
Leica	M10-P	DNG	2018	unverified	DNG decoder (uncompressed, LJ92, lossy, Deflate, JPEG XL, LinearRaw)
Leica	M10-R	DNG	2019	unverified	DNG decoder (uncompressed, LJ92, lossy, Deflate, JPEG XL, LinearRaw)
Leica	M11-D	DNG	2023	unverified	DNG decoder (uncompressed, LJ92, lossy, Deflate, JPEG XL, LinearRaw)
Leica	M (Typ 262)	DNG	2015	unverified	DNG decoder (uncompressed, LJ92, lossy, Deflate, JPEG XL, LinearRaw)
Leica	M-D (Typ 262)	DNG	2015	unverified	DNG decoder (uncompressed, LJ92, lossy, Deflate, JPEG XL, LinearRaw)
Leica	M-E	DNG	2012	unverified	DNG decoder (uncompressed, LJ92, lossy, Deflate, JPEG XL, LinearRaw)
Leica	M-EV1	DNG	2024	unverified	DNG decoder (uncompressed, LJ92, lossy, Deflate, JPEG XL, LinearRaw)
Leica	M-P	DNG	2013	unverified	DNG decoder (uncompressed, LJ92, lossy, Deflate, JPEG XL, LinearRaw)
Leica	M Monochrom	DNG	2012	unverified	DNG decoder (uncompressed, LJ92, lossy, Deflate, JPEG XL, LinearRaw)
Leica	M Monochrom (Typ 246)	DNG	2015	unverified	DNG decoder (uncompressed, LJ92, lossy, Deflate, JPEG XL, LinearRaw)
Leica	M10 Monochrom	DNG	2019	unverified	DNG decoder (uncompressed, LJ92, lossy, Deflate, JPEG XL, LinearRaw)
Leica	M11	DNG	2020	unverified	DNG decoder (uncompressed, LJ92, lossy, Deflate, JPEG XL, LinearRaw)
Leica	M11 MONOCHROM	DNG	2022	unverified	DNG decoder (uncompressed, LJ92, lossy, Deflate, JPEG XL, LinearRaw)
Leica	M11-P	DNG	2023	unverified	DNG decoder (uncompressed, LJ92, lossy, Deflate, JPEG XL, LinearRaw)
Leica	Q (Typ 116)	DNG	2015	unverified	DNG decoder (uncompressed, LJ92, lossy, Deflate, JPEG XL, LinearRaw)
Leica	Q2	DNG	2018	unverified	DNG decoder (uncompressed, LJ92, lossy, Deflate, JPEG XL, LinearRaw)
Leica	Q2 Monochrom	DNG	2020	unverified	DNG decoder (uncompressed, LJ92, lossy, Deflate, JPEG XL, LinearRaw)
Leica	Q3	DNG	2022	unverified	DNG decoder (uncompressed, LJ92, lossy, Deflate, JPEG XL, LinearRaw)
Leica	Q3 43	DNG	2023	unverified	DNG decoder (uncompressed, LJ92, lossy, Deflate, JPEG XL, LinearRaw)
Leica	Q3 Monochrom	DNG	2025	unverified	DNG decoder (uncompressed, LJ92, lossy, Deflate, JPEG XL, LinearRaw)
Leica	S2	DNG	2010	unverified	DNG decoder (uncompressed, LJ92, lossy, Deflate, JPEG XL, LinearRaw)
Leica	S (Typ 007)	DNG	2015	unverified	DNG decoder (uncompressed, LJ92, lossy, Deflate, JPEG XL, LinearRaw)
Leica	S3	DNG	2019	unverified	DNG decoder (uncompressed, LJ92, lossy, Deflate, JPEG XL, LinearRaw)
Leica	SL (Typ 601)	DNG	2015	unverified	DNG decoder (uncompressed, LJ92, lossy, Deflate, JPEG XL, LinearRaw)
Leica	SL2	DNG	2019	unverified	DNG decoder (uncompressed, LJ92, lossy, Deflate, JPEG XL, LinearRaw)
Leica	SL2-S	DNG	2020	unverified	DNG decoder (uncompressed, LJ92, lossy, Deflate, JPEG XL, LinearRaw)
Leica	SL3	DNG	2023	unverified	DNG decoder (uncompressed, LJ92, lossy, Deflate, JPEG XL, LinearRaw)
Leica	SL3-P	DNG	2025	unverified	DNG decoder (uncompressed, LJ92, lossy, Deflate, JPEG XL, LinearRaw)
Leica	SL3-S	DNG	2024	unverified	DNG decoder (uncompressed, LJ92, lossy, Deflate, JPEG XL, LinearRaw)
Leica	T (Typ 701)	DNG	2013	unverified	DNG decoder (uncompressed, LJ92, lossy, Deflate, JPEG XL, LinearRaw)
Leica	TL	DNG	2015	unverified	DNG decoder (uncompressed, LJ92, lossy, Deflate, JPEG XL, LinearRaw)
Leica	TL2	DNG	2015	unverified	DNG decoder (uncompressed, LJ92, lossy, Deflate, JPEG XL, LinearRaw)
Leica	V-LUX 1	RAW	2005	verified	PR #215: 178 raw.pixls.us files from 118 Panasonic / Leica bodies, every RW2 format
Leica	V-LUX 2	RAW	2010	unverified	Panasonic decoder, every raw format
Leica	V-LUX 3	RAW	2010	unverified	Panasonic decoder, every raw format
Leica	V-LUX 4	RWL	2012	verified	PR #215: 178 raw.pixls.us files from 118 Panasonic / Leica bodies, every RW2 format
Leica	V-LUX 5	RWL	2018	verified	PR #215: 178 raw.pixls.us files from 118 Panasonic / Leica bodies, every RW2 format
Leica	V-LUX (Typ 114)	RWL	2013	verified	PR #215: 178 raw.pixls.us files from 118 Panasonic / Leica bodies, every RW2 format
Leica	X2	RWL	2012	unverified	Panasonic decoder, every raw format
Leica	X (Typ 113)	DNG	2013	unverified	DNG decoder (uncompressed, LJ92, lossy, Deflate, JPEG XL, LinearRaw)
Leica	X-U (Typ 113)	DNG	2015	unverified	DNG decoder (uncompressed, LJ92, lossy, Deflate, JPEG XL, LinearRaw)
LG	G7 ThinQ	DNG	2018	unverified	DNG decoder (uncompressed, LJ92, lossy, Deflate, JPEG XL, LinearRaw)
LG	G8 ThinQ Front Camera	DNG	2019	unverified	DNG decoder (uncompressed, LJ92, lossy, Deflate, JPEG XL, LinearRaw)
LG	G8 ThinQ Rear Main Camera	DNG	2019	unverified	DNG decoder (uncompressed, LJ92, lossy, Deflate, JPEG XL, LinearRaw)
LG	G8 ThinQ Rear Wide Camera	DNG	2019	unverified	DNG decoder (uncompressed, LJ92, lossy, Deflate, JPEG XL, LinearRaw)
LG	V40 ThinQ Front Standard Camera	DNG	2018	unverified	DNG decoder (uncompressed, LJ92, lossy, Deflate, JPEG XL, LinearRaw)
LG	V40 ThinQ Rear Main Camera	DNG	2018	unverified	DNG decoder (uncompressed, LJ92, lossy, Deflate, JPEG XL, LinearRaw)
LG	V40 ThinQ Rear Wide Camera	DNG	2018	unverified	DNG decoder (uncompressed, LJ92, lossy, Deflate, JPEG XL, LinearRaw)
LG	V50s ThinQ Front Camera	DNG	2019	unverified	DNG decoder (uncompressed, LJ92, lossy, Deflate, JPEG XL, LinearRaw)
LG	V50s ThinQ Rear Main Camera	DNG	2019	unverified	DNG decoder (uncompressed, LJ92, lossy, Deflate, JPEG XL, LinearRaw)
LG	V50s ThinQ Rear Wide Camera	DNG	2019	unverified	DNG decoder (uncompressed, LJ92, lossy, Deflate, JPEG XL, LinearRaw)
LG	V60 ThinQ Front Camera	DNG	2020	unverified	DNG decoder (uncompressed, LJ92, lossy, Deflate, JPEG XL, LinearRaw)
LG	V60 ThinQ Rear Main Camera	DNG	2020	unverified	DNG decoder (uncompressed, LJ92, lossy, Deflate, JPEG XL, LinearRaw)
LG	Velvet Front Camera	DNG	2020	unverified	DNG decoder (uncompressed, LJ92, lossy, Deflate, JPEG XL, LinearRaw)
LG	Velvet Rear Main Camera	DNG	2020	unverified	DNG decoder (uncompressed, LJ92, lossy, Deflate, JPEG XL, LinearRaw)
LG	Velvet Rear Wide Camera	DNG	2020	unverified	DNG decoder (uncompressed, LJ92, lossy, Deflate, JPEG XL, LinearRaw)
LG	Wing Rear Main Camera	DNG	2020	unverified	DNG decoder (uncompressed, LJ92, lossy, Deflate, JPEG XL, LinearRaw)
LG	Wing Front Camera	DNG	2020	unverified	DNG decoder (uncompressed, LJ92, lossy, Deflate, JPEG XL, LinearRaw)
LG	Wing Rear Wide Camera	DNG	2020	unverified	DNG decoder (uncompressed, LJ92, lossy, Deflate, JPEG XL, LinearRaw)
Light	L16	DNG	2017	unverified	DNG decoder (uncompressed, LJ92, lossy, Deflate, JPEG XL, LinearRaw)
Mamiya	Mamiya DM22	MOS	2008	preview	MOS is opened from its embedded JPEG only
Mamiya	Mamiya DM28	MOS	2008	preview	MOS is opened from its embedded JPEG only
Mamiya	Mamiya DM33	MOS	2008	preview	MOS is opened from its embedded JPEG only
Mamiya	Mamiya DM56	MOS	2008	preview	MOS is opened from its embedded JPEG only
Mamiya	Mamiya M18	TIF	2008	unsupported	TIF is not imported
Mamiya	Mamiya M22	TIF	2008	unsupported	TIF is not imported
Mamiya	Mamiya M31	TIF	2008	unsupported	TIF is not imported
Mamiya	Mamiya DM40	MOS	2010	preview	MOS is opened from its embedded JPEG only
Mamiya	ZD	MEF	2005	unsupported	MEF is not imported
Motorola	Moto G Power (2021) Front Camera	DNG	2021	unverified	DNG decoder (uncompressed, LJ92, lossy, Deflate, JPEG XL, LinearRaw)
Motorola	Moto G Power (2021) Rear Macro Camera	DNG	2021	unverified	DNG decoder (uncompressed, LJ92, lossy, Deflate, JPEG XL, LinearRaw)
Motorola	Moto G Power (2021) Rear Wide Camera	DNG	2021	unverified	DNG decoder (uncompressed, LJ92, lossy, Deflate, JPEG XL, LinearRaw)
Nikon	1 J1	NEF	2010	unverified	NEF decoder (uncompressed, lossless, lossy, lossy after split); HE / HE* setting preview-only
Nikon	1 J2	NEF	2012	unverified	NEF decoder (uncompressed, lossless, lossy, lossy after split); HE / HE* setting preview-only
Nikon	1 J3	NEF	2012	unverified	NEF decoder (uncompressed, lossless, lossy, lossy after split); HE / HE* setting preview-only
Nikon	1 J4	NEF	2013	unverified	NEF decoder (uncompressed, lossless, lossy, lossy after split); HE / HE* setting preview-only
Nikon	1 J5	NEF	2015	unverified	NEF decoder (uncompressed, lossless, lossy, lossy after split); HE / HE* setting preview-only
Nikon	1 S1	NEF	2012	unverified	NEF decoder (uncompressed, lossless, lossy, lossy after split); HE / HE* setting preview-only
Nikon	1 S2	NEF	2013	unverified	NEF decoder (uncompressed, lossless, lossy, lossy after split); HE / HE* setting preview-only
Nikon	1 V1	NEF	2010	unverified	NEF decoder (uncompressed, lossless, lossy, lossy after split); HE / HE* setting preview-only
Nikon	1 V2	NEF	2012	unverified	NEF decoder (uncompressed, lossless, lossy, lossy after split); HE / HE* setting preview-only
Nikon	1 V3	NEF	2013	unverified	NEF decoder (uncompressed, lossless, lossy, lossy after split); HE / HE* setting preview-only
Nikon	COOLPIX 5000	NEF	2003	unverified	NEF decoder (uncompressed, lossless, lossy, lossy after split); HE / HE* setting preview-only
Nikon	COOLPIX 5400	NEF	2003	unverified	NEF decoder (uncompressed, lossless, lossy, lossy after split); HE / HE* setting preview-only
Nikon	COOLPIX 5700	NEF	2003	unverified	NEF decoder (uncompressed, lossless, lossy, lossy after split); HE / HE* setting preview-only
Nikon	COOLPIX 8400	NEF	2005	unverified	NEF decoder (uncompressed, lossless, lossy, lossy after split); HE / HE* setting preview-only
Nikon	COOLPIX 8700	NEF	2003	unverified	NEF decoder (uncompressed, lossless, lossy, lossy after split); HE / HE* setting preview-only
Nikon	COOLPIX 8800	NEF	2005	unverified	NEF decoder (uncompressed, lossless, lossy, lossy after split); HE / HE* setting preview-only
Nikon	COOLPIX A	NEF	2012	unverified	NEF decoder (uncompressed, lossless, lossy, lossy after split); HE / HE* setting preview-only
Nikon	COOLPIX A1000	NRW	2018	unverified	NEF decoder (uncompressed, lossless, lossy, lossy after split); HE / HE* setting preview-only
Nikon	COOLPIX B700	NRW	2015	verified	corpus: crates/raw/tests/corpus.rs (xtask RAW_SAMPLES)
Nikon	COOLPIX P330	NRW	2012	unverified	NEF decoder (uncompressed, lossless, lossy, lossy after split); HE / HE* setting preview-only
Nikon	COOLPIX P340	NRW	2013	unverified	NEF decoder (uncompressed, lossless, lossy, lossy after split); HE / HE* setting preview-only
Nikon	COOLPIX P1000	NRW	2018	unverified	NEF decoder (uncompressed, lossless, lossy, lossy after split); HE / HE* setting preview-only
Nikon	COOLPIX P1100	NRW	2024	unverified	NEF decoder (uncompressed, lossless, lossy, lossy after split); HE / HE* setting preview-only
Nikon	COOLPIX P6000	NRW	2008	unverified	NEF decoder (uncompressed, lossless, lossy, lossy after split); HE / HE* setting preview-only
Nikon	COOLPIX P7000	NRW	2010	unverified	NEF decoder (uncompressed, lossless, lossy, lossy after split); HE / HE* setting preview-only
Nikon	COOLPIX P7100	NRW	2010	unverified	NEF decoder (uncompressed, lossless, lossy, lossy after split); HE / HE* setting preview-only
Nikon	COOLPIX P7700	NRW	2012	unverified	NEF decoder (uncompressed, lossless, lossy, lossy after split); HE / HE* setting preview-only
Nikon	COOLPIX P7800	NRW	2013	unverified	NEF decoder (uncompressed, lossless, lossy, lossy after split); HE / HE* setting preview-only
Nikon	COOLPIX P950	NEF	2019	unverified	NEF decoder (uncompressed, lossless, lossy, lossy after split); HE / HE* setting preview-only
Nikon	D1	NEF	2003	unverified	NEF decoder (uncompressed, lossless, lossy, lossy after split); HE / HE* setting preview-only
Nikon	D1H	NEF	2003	unverified	NEF decoder (uncompressed, lossless, lossy, lossy after split); HE / HE* setting preview-only
Nikon	D1X	NEF	2003	unverified	NEF decoder (uncompressed, lossless, lossy, lossy after split); HE / HE* setting preview-only
Nikon	D2H	NEF	2003	unverified	NEF decoder (uncompressed, lossless, lossy, lossy after split); HE / HE* setting preview-only
Nikon	D2Hs	NEF	2005	unverified	NEF decoder (uncompressed, lossless, lossy, lossy after split); HE / HE* setting preview-only
Nikon	D2X	NEF	2005	unverified	NEF decoder (uncompressed, lossless, lossy, lossy after split); HE / HE* setting preview-only
Nikon	D2Xs	NEF	2005	unverified	NEF decoder (uncompressed, lossless, lossy, lossy after split); HE / HE* setting preview-only
Nikon	D3	NEF	2007	unverified	NEF decoder (uncompressed, lossless, lossy, lossy after split); HE / HE* setting preview-only
Nikon	D3s	NEF	2008	unverified	NEF decoder (uncompressed, lossless, lossy, lossy after split); HE / HE* setting preview-only
Nikon	D3X	NEF	2008	unverified	NEF decoder (uncompressed, lossless, lossy, lossy after split); HE / HE* setting preview-only
Nikon	D4	NEF	2012	unverified	NEF decoder (uncompressed, lossless, lossy, lossy after split); HE / HE* setting preview-only
Nikon	D4S	NEF	2013	unverified	NEF decoder (uncompressed, lossless, lossy, lossy after split); HE / HE* setting preview-only
Nikon	D5	NEF	2015	unverified	NEF decoder (uncompressed, lossless, lossy, lossy after split); HE / HE* setting preview-only
Nikon	D40	NEF	2005	unverified	NEF decoder (uncompressed, lossless, lossy, lossy after split); HE / HE* setting preview-only
Nikon	D40x	NEF	2007	unverified	NEF decoder (uncompressed, lossless, lossy, lossy after split); HE / HE* setting preview-only
Nikon	D50	NEF	2005	unverified	NEF decoder (uncompressed, lossless, lossy, lossy after split); HE / HE* setting preview-only
Nikon	D60	NEF	2007	unverified	NEF decoder (uncompressed, lossless, lossy, lossy after split); HE / HE* setting preview-only
Nikon	D6	NEF	2019	unverified	NEF decoder (uncompressed, lossless, lossy, lossy after split); HE / HE* setting preview-only
Nikon	D70	NEF	2005	unverified	NEF decoder (uncompressed, lossless, lossy, lossy after split); HE / HE* setting preview-only
Nikon	D70S	NEF	2005	unverified	NEF decoder (uncompressed, lossless, lossy, lossy after split); HE / HE* setting preview-only
Nikon	D80	NEF	2005	unverified	NEF decoder (uncompressed, lossless, lossy, lossy after split); HE / HE* setting preview-only
Nikon	D90	NEF	2008	unverified	NEF decoder (uncompressed, lossless, lossy, lossy after split); HE / HE* setting preview-only
Nikon	D100	NEF	2003	unverified	NEF decoder (uncompressed, lossless, lossy, lossy after split); HE / HE* setting preview-only
Nikon	D200	NEF	2005	unverified	NEF decoder (uncompressed, lossless, lossy, lossy after split); HE / HE* setting preview-only
Nikon	D300	NEF	2007	unverified	NEF decoder (uncompressed, lossless, lossy, lossy after split); HE / HE* setting preview-only
Nikon	D300s	NEF	2008	unverified	NEF decoder (uncompressed, lossless, lossy, lossy after split); HE / HE* setting preview-only
Nikon	D500	NEF	2015	unverified	NEF decoder (uncompressed, lossless, lossy, lossy after split); HE / HE* setting preview-only
Nikon	D600	NEF	2012	unverified	NEF decoder (uncompressed, lossless, lossy, lossy after split); HE / HE* setting preview-only
Nikon	D610	NEF	2013	unverified	NEF decoder (uncompressed, lossless, lossy, lossy after split); HE / HE* setting preview-only
Nikon	D700	NEF	2008	unverified	NEF decoder (uncompressed, lossless, lossy, lossy after split); HE / HE* setting preview-only
Nikon	D750	NEF	2013	unverified	NEF decoder (uncompressed, lossless, lossy, lossy after split); HE / HE* setting preview-only
Nikon	D780	NEF	2019	unverified	NEF decoder (uncompressed, lossless, lossy, lossy after split); HE / HE* setting preview-only
Nikon	D800	NEF	2012	unverified	NEF decoder (uncompressed, lossless, lossy, lossy after split); HE / HE* setting preview-only
Nikon	D800E	NEF	2012	unverified	NEF decoder (uncompressed, lossless, lossy, lossy after split); HE / HE* setting preview-only
Nikon	D810	NEF	2013	unverified	NEF decoder (uncompressed, lossless, lossy, lossy after split); HE / HE* setting preview-only
Nikon	D810A	NEF	2015	unverified	NEF decoder (uncompressed, lossless, lossy, lossy after split); HE / HE* setting preview-only
Nikon	D850	NEF	2015	unverified	NEF decoder (uncompressed, lossless, lossy, lossy after split); HE / HE* setting preview-only
Nikon	D3000	NEF	2008	unverified	NEF decoder (uncompressed, lossless, lossy, lossy after split); HE / HE* setting preview-only
Nikon	D3100	NEF	2010	unverified	NEF decoder (uncompressed, lossless, lossy, lossy after split); HE / HE* setting preview-only
Nikon	D3200	NEF	2012	unverified	NEF decoder (uncompressed, lossless, lossy, lossy after split); HE / HE* setting preview-only
Nikon	D3300	NEF	2013	unverified	NEF decoder (uncompressed, lossless, lossy, lossy after split); HE / HE* setting preview-only
Nikon	D3400	NEF	2015	unverified	NEF decoder (uncompressed, lossless, lossy, lossy after split); HE / HE* setting preview-only
Nikon	D3500	NEF	2018	unverified	NEF decoder (uncompressed, lossless, lossy, lossy after split); HE / HE* setting preview-only
Nikon	D5000	NEF	2008	unverified	NEF decoder (uncompressed, lossless, lossy, lossy after split); HE / HE* setting preview-only
Nikon	D5100	NEF	2010	verified	corpus: crates/raw/tests/corpus.rs (xtask RAW_SAMPLES)
Nikon	D5200	NEF	2012	unverified	NEF decoder (uncompressed, lossless, lossy, lossy after split); HE / HE* setting preview-only
Nikon	D5300	NEF	2013	unverified	NEF decoder (uncompressed, lossless, lossy, lossy after split); HE / HE* setting preview-only
Nikon	D5500	NEF	2015	unverified	NEF decoder (uncompressed, lossless, lossy, lossy after split); HE / HE* setting preview-only
Nikon	D5600	NEF	2015	unverified	NEF decoder (uncompressed, lossless, lossy, lossy after split); HE / HE* setting preview-only
Nikon	D7000	NEF	2010	verified	corpus: crates/raw/tests/corpus.rs (xtask RAW_SAMPLES)
Nikon	D7100	NEF	2012	unverified	NEF decoder (uncompressed, lossless, lossy, lossy after split); HE / HE* setting preview-only
Nikon	D7200	NEF	2015	unverified	NEF decoder (uncompressed, lossless, lossy, lossy after split); HE / HE* setting preview-only
Nikon	D7500	NEF	2015	verified	corpus: crates/raw/tests/corpus.rs (xtask RAW_SAMPLES)
Nikon	Df	NEF	2013	unverified	NEF decoder (uncompressed, lossless, lossy, lossy after split); HE / HE* setting preview-only
Nikon	Z 30	NEF	2021	unverified	NEF decoder (uncompressed, lossless, lossy, lossy after split); HE / HE* setting preview-only
Nikon	Z 50	NEF	2019	unverified	NEF decoder (uncompressed, lossless, lossy, lossy after split); HE / HE* setting preview-only
Nikon	Z 50 II	NEF	2024	unverified	NEF decoder (uncompressed, lossless, lossy, lossy after split); HE / HE* setting preview-only
Nikon	Z 5	NEF	2019	unverified	NEF decoder (uncompressed, lossless, lossy, lossy after split); HE / HE* setting preview-only
Nikon	Z 5 2	NEF	2024	unverified	NEF decoder (uncompressed, lossless, lossy, lossy after split); HE / HE* setting preview-only
Nikon	Z 5 2C	NEF	2025	unverified	NEF decoder (uncompressed, lossless, lossy, lossy after split); HE / HE* setting preview-only
Nikon	Z 6	NEF	2018	unverified	NEF decoder (uncompressed, lossless, lossy, lossy after split); HE / HE* setting preview-only
Nikon	Z 6 II	NEF	2020	unverified	NEF decoder (uncompressed, lossless, lossy, lossy after split); HE / HE* setting preview-only
Nikon	Z 6 III	NEF	2023	unverified	NEF decoder (uncompressed, lossless, lossy, lossy after split); HE / HE* setting preview-only
Nikon	Z 7	NEF	2018	unverified	NEF decoder (uncompressed, lossless, lossy, lossy after split); HE / HE* setting preview-only
Nikon	Z 7 II	NEF	2020	unverified	NEF decoder (uncompressed, lossless, lossy, lossy after split); HE / HE* setting preview-only
Nikon	Z 8	NEF	2022	unverified	NEF decoder (uncompressed, lossless, lossy, lossy after split); HE / HE* setting preview-only
Nikon	Z 9 (*See note)	NEF	2021	unverified	NEF decoder (uncompressed, lossless, lossy, lossy after split); HE / HE* setting preview-only
Nikon	Z fc	NEF	2020	unverified	NEF decoder (uncompressed, lossless, lossy, lossy after split); HE / HE* setting preview-only
Nikon	Z f	NEF	2022	verified	corpus: crates/raw/tests/corpus.rs (xtask RAW_SAMPLES)
Nikon	ZR	NEF	2024	unverified	NEF decoder (uncompressed, lossless, lossy, lossy after split); HE / HE* setting preview-only
Nokia	Lumia 1020	DNG	2013	unverified	DNG decoder (uncompressed, LJ92, lossy, Deflate, JPEG XL, LinearRaw)
Nokia	HMD Global Nokia 9 PureView Front Camera	DNG	2018	unverified	DNG decoder (uncompressed, LJ92, lossy, Deflate, JPEG XL, LinearRaw)
Nokia	HMD Global Nokia 9 PureView Rear Camera	DNG	2018	unverified	DNG decoder (uncompressed, LJ92, lossy, Deflate, JPEG XL, LinearRaw)
OM Digital Solutions	OM System OM-1	ORF	2021	preview	compressed ORF is not decoded
OM Digital Solutions	OM System OM-5	ORF	2022	preview	compressed ORF is not decoded
OM Digital Solutions	OM System TG - 7	ORF	2023	preview	compressed ORF is not decoded
OM Digital Solutions	OM System OM-1 MARK II	ORF	2023	preview	compressed ORF is not decoded
OM Digital Solutions	OM System OM-3	ORF	2024	preview	compressed ORF is not decoded
OM Digital Solutions	OM-5 Mark II	ORF	2024	preview	compressed ORF is not decoded
OM Digital Solutions	OM-3 Astro	ORF	2025	preview	compressed ORF is not decoded
Olympus	AIR A01	ORF	2015	preview	compressed ORF is not decoded
Olympus	Camedia C-5050 Zoom	ORF	2003	unverified	uncompressed / packed ORF
Olympus	Camedia C-5060 Zoom	ORF	2003	unverified	uncompressed / packed ORF
Olympus	Camedia C-7070 Wide Zoom	ORF	2005	unverified	uncompressed / packed ORF
Olympus	Camedia C-8080 Wide Zoom	ORF	2003	unverified	uncompressed / packed ORF
Olympus	E-1	ORF	2003	verified	corpus: crates/raw/tests/corpus.rs (xtask RAW_SAMPLES)
Olympus	E-3	ORF	2007	preview	compressed ORF is not decoded
Olympus	E-5	ORF	2010	preview	compressed ORF is not decoded
Olympus	E-10	ORF	2003	unverified	uncompressed / packed ORF
Olympus	E-20	ORF	2003	unverified	uncompressed / packed ORF
Olympus	E-30	ORF	2008	preview	compressed ORF is not decoded
Olympus	E-420	ORF	2008	preview	compressed ORF is not decoded
Olympus	E-450	ORF	2008	preview	compressed ORF is not decoded
Olympus	E-520	ORF	2008	preview	compressed ORF is not decoded
Olympus	E-600	ORF	2010	preview	compressed ORF is not decoded
Olympus	E-620	ORF	2008	preview	compressed ORF is not decoded
Olympus	EVOLT E-300	ORF	2005	unverified	uncompressed / packed ORF
Olympus	EVOLT E-330	ORF	2005	unverified	uncompressed / packed ORF
Olympus	EVOLT E-400	ORF	2005	verified	corpus: crates/raw/tests/corpus.rs (xtask RAW_SAMPLES)
Olympus	EVOLT E-410	ORF	2007	preview	compressed ORF is not decoded
Olympus	EVOLT E-500	ORF	2005	unverified	uncompressed / packed ORF
Olympus	EVOLT E-510	ORF	2007	preview	compressed ORF is not decoded
Olympus	OM-D E-M1	ORF	2013	preview	compressed ORF is not decoded
Olympus	OM-D E-M1X	ORF	2018	preview	compressed ORF is not decoded
Olympus	OM-D E-M1 Mark II	ORF	2015	preview	compressed ORF is not decoded
Olympus	OM-D E-M1 Mark III	ORF	2019	preview	compressed ORF is not decoded
Olympus	OM-D E-M5	ORF	2012	preview	compressed ORF is not decoded
Olympus	OM-D E-M5 Mark II	ORF	2015	preview	compressed ORF is not decoded
Olympus	OM-D E-M5 Mark III	ORF	2019	preview	compressed ORF is not decoded
Olympus	OM-D E-M10	ORF	2013	preview	compressed ORF is not decoded
Olympus	OM-D E-M10 Mark II	ORF	2015	preview	compressed ORF is not decoded
Olympus	OM-D E-M10 Mark III	ORF	2017	preview	compressed ORF is not decoded
Olympus	OM-D E-M10 Mark III S	ORF	2019	preview	compressed ORF is not decoded
Olympus	OM-D E-M10 Mark IV	ORF	2019	preview	compressed ORF is not decoded
Olympus	PEN E-P1	ORF	2008	preview	compressed ORF is not decoded
Olympus	PEN E-P2	ORF	2008	preview	compressed ORF is not decoded
Olympus	PEN E-P3	ORF	2010	preview	compressed ORF is not decoded
Olympus	PEN E-P5	ORF	2013	preview	compressed ORF is not decoded
Olympus	PEN E-P7	ORF	2020	preview	compressed ORF is not decoded
Olympus	PEN E-PL1	ORF	2010	preview	compressed ORF is not decoded
Olympus	PEN E-PL1s	ORF	2010	preview	compressed ORF is not decoded
Olympus	PEN E-PL10	ORF	2019	preview	compressed ORF is not decoded
Olympus	PEN E-PL2	ORF	2010	preview	compressed ORF is not decoded
Olympus	PEN E-PL3	ORF	2010	preview	compressed ORF is not decoded
Olympus	PEN E-PL6	ORF	2013	preview	compressed ORF is not decoded
Olympus	PEN E-PL5	ORF	2012	preview	compressed ORF is not decoded
Olympus	PEN E-PL7	ORF	2013	preview	compressed ORF is not decoded
Olympus	PEN E-PL8	ORF	2015	preview	compressed ORF is not decoded
Olympus	PEN E-PL9	ORF	2017	preview	compressed ORF is not decoded
Olympus	PEN E-PM1	ORF	2010	preview	compressed ORF is not decoded
Olympus	PEN E-PM2	ORF	2012	preview	compressed ORF is not decoded
Olympus	PEN-F	ORF	2015	preview	compressed ORF is not decoded
Olympus	SP-310	ORF	2005	preview	compressed ORF is not decoded
Olympus	SP-320	ORF	2005	preview	compressed ORF is not decoded
Olympus	SP-350	ORF	2005	preview	compressed ORF is not decoded
Olympus	SP-500 UZ	ORF	2005	preview	compressed ORF is not decoded
Olympus	SP-510 UZ	ORF	2005	preview	compressed ORF is not decoded
Olympus	SP-550 UZ	ORF	2007	preview	compressed ORF is not decoded
Olympus	SP-560 UZ	ORF	2007	preview	compressed ORF is not decoded
Olympus	SP-565 UZ	ORF	2008	preview	compressed ORF is not decoded
Olympus	SP-570 UZ	ORF	2007	preview	compressed ORF is not decoded
Olympus	Stylus 1	ORF	2013	preview	compressed ORF is not decoded
Olympus	Stylus 1s	ORF	2013	preview	compressed ORF is not decoded
Olympus	Stylus SH-2	ORF	2015	preview	compressed ORF is not decoded
Olympus	Stylus SH-3	ORF	2015	preview	compressed ORF is not decoded
Olympus	Stylus Tough TG-4	ORF	2015	preview	compressed ORF is not decoded
Olympus	Stylus Tough TG-5	ORF	2015	preview	compressed ORF is not decoded
Olympus	Stylus Tough TG-6	ORF	2018	preview	compressed ORF is not decoded
Olympus	Stylus XZ-2 iHS	ORF	2012	verified	corpus: crates/raw/tests/corpus.rs (xtask RAW_SAMPLES)
Olympus	Stylus XZ-10	ORF	2012	preview	compressed ORF is not decoded
Olympus	XZ-1	ORF	2010	preview	compressed ORF is not decoded
OnePlus	7T Front Camera	DNG	2019	unverified	DNG decoder (uncompressed, LJ92, lossy, Deflate, JPEG XL, LinearRaw)
OnePlus	7T Rear Main Camera	DNG	2019	unverified	DNG decoder (uncompressed, LJ92, lossy, Deflate, JPEG XL, LinearRaw)
OnePlus	8 Front Camera	DNG	2020	unverified	DNG decoder (uncompressed, LJ92, lossy, Deflate, JPEG XL, LinearRaw)
OnePlus	8 Rear Main Camera	DNG	2020	unverified	DNG decoder (uncompressed, LJ92, lossy, Deflate, JPEG XL, LinearRaw)
OnePlus	8 Pro Front Camera	DNG	2020	unverified	DNG decoder (uncompressed, LJ92, lossy, Deflate, JPEG XL, LinearRaw)
OnePlus	8 Pro Rear Main Camera	DNG	2020	unverified	DNG decoder (uncompressed, LJ92, lossy, Deflate, JPEG XL, LinearRaw)
OnePlus	12 Telephoto Camera	DNG	2023	unverified	DNG decoder (uncompressed, LJ92, lossy, Deflate, JPEG XL, LinearRaw)
OnePlus	12 Ultrawide Camera	DNG	2023	unverified	DNG decoder (uncompressed, LJ92, lossy, Deflate, JPEG XL, LinearRaw)
OnePlus	12 Wide Camera	DNG	2023	unverified	DNG decoder (uncompressed, LJ92, lossy, Deflate, JPEG XL, LinearRaw)
Oppo	Find X7 Telephoto Camera	DNG	2023	unverified	DNG decoder (uncompressed, LJ92, lossy, Deflate, JPEG XL, LinearRaw)
Oppo	Find X7 Ultrawide Camera	DNG	2023	unverified	DNG decoder (uncompressed, LJ92, lossy, Deflate, JPEG XL, LinearRaw)
Oppo	Find X7 Wide Camera	DNG	2023	unverified	DNG decoder (uncompressed, LJ92, lossy, Deflate, JPEG XL, LinearRaw)
Oppo	Find X7 Ultra Super Telephoto Camera	DNG	2023	unverified	DNG decoder (uncompressed, LJ92, lossy, Deflate, JPEG XL, LinearRaw)
Oppo	Find X7 Ultra Telephoto Camera	DNG	2023	unverified	DNG decoder (uncompressed, LJ92, lossy, Deflate, JPEG XL, LinearRaw)
Oppo	Find X7 Ultra Ultrawide Camera	DNG	2023	unverified	DNG decoder (uncompressed, LJ92, lossy, Deflate, JPEG XL, LinearRaw)
Oppo	Find X7 Ultra Wide Camera	DNG	2023	unverified	DNG decoder (uncompressed, LJ92, lossy, Deflate, JPEG XL, LinearRaw)
Oppo	Find X8 Ultra Super Telephoto Camera	DNG	2025	unverified	DNG decoder (uncompressed, LJ92, lossy, Deflate, JPEG XL, LinearRaw)
Oppo	Find X8 Ultra Telephoto Camera	DNG	2025	unverified	DNG decoder (uncompressed, LJ92, lossy, Deflate, JPEG XL, LinearRaw)
Oppo	Find X8 Ultra Ultrawide Camera	DNG	2025	unverified	DNG decoder (uncompressed, LJ92, lossy, Deflate, JPEG XL, LinearRaw)
Oppo	Find X8 Ultra Wide Camera	DNG	2025	unverified	DNG decoder (uncompressed, LJ92, lossy, Deflate, JPEG XL, LinearRaw)
Oppo	Find X8 Telephoto Camera	DNG	2025	unverified	DNG decoder (uncompressed, LJ92, lossy, Deflate, JPEG XL, LinearRaw)
Oppo	Find X8 Ultrawide Camera	DNG	2025	unverified	DNG decoder (uncompressed, LJ92, lossy, Deflate, JPEG XL, LinearRaw)
Oppo	Find X8 Wide Camera	DNG	2025	unverified	DNG decoder (uncompressed, LJ92, lossy, Deflate, JPEG XL, LinearRaw)
Oppo	Find X8s Telephoto Camera	DNG	2025	unverified	DNG decoder (uncompressed, LJ92, lossy, Deflate, JPEG XL, LinearRaw)
Oppo	Find X8s Ultrawide Camera	DNG	2025	unverified	DNG decoder (uncompressed, LJ92, lossy, Deflate, JPEG XL, LinearRaw)
Oppo	Find X8s Wide Camera	DNG	2025	unverified	DNG decoder (uncompressed, LJ92, lossy, Deflate, JPEG XL, LinearRaw)
Oppo	Find X8s+ Telephoto Camera	DNG	2025	unverified	DNG decoder (uncompressed, LJ92, lossy, Deflate, JPEG XL, LinearRaw)
Oppo	Find X8s+ Ultrawide Camera	DNG	2025	unverified	DNG decoder (uncompressed, LJ92, lossy, Deflate, JPEG XL, LinearRaw)
Oppo	Find X8s+ Wide Camera	DNG	2025	unverified	DNG decoder (uncompressed, LJ92, lossy, Deflate, JPEG XL, LinearRaw)
Oppo	Find X8 Pro Super Telephoto Camera	DNG	2025	unverified	DNG decoder (uncompressed, LJ92, lossy, Deflate, JPEG XL, LinearRaw)
Oppo	Find X8 Pro Telephoto Camera	DNG	2025	unverified	DNG decoder (uncompressed, LJ92, lossy, Deflate, JPEG XL, LinearRaw)
Oppo	Find X8 Pro Ultrawide Camera	DNG	2025	unverified	DNG decoder (uncompressed, LJ92, lossy, Deflate, JPEG XL, LinearRaw)
Oppo	Find X8 Pro Wide Camera	DNG	2025	unverified	DNG decoder (uncompressed, LJ92, lossy, Deflate, JPEG XL, LinearRaw)
Oppo	Find X9 Telephoto Camera	DNG	2025	unverified	DNG decoder (uncompressed, LJ92, lossy, Deflate, JPEG XL, LinearRaw)
Oppo	Find X9 Ultrawide Camera	DNG	2025	unverified	DNG decoder (uncompressed, LJ92, lossy, Deflate, JPEG XL, LinearRaw)
Oppo	Find X9 Wide Camera	DNG	2025	unverified	DNG decoder (uncompressed, LJ92, lossy, Deflate, JPEG XL, LinearRaw)
Oppo	Find X9 Pro Telephoto Camera	DNG	2025	unverified	DNG decoder (uncompressed, LJ92, lossy, Deflate, JPEG XL, LinearRaw)
Oppo	Find X9 Pro Ultrawide Camera	DNG	2025	unverified	DNG decoder (uncompressed, LJ92, lossy, Deflate, JPEG XL, LinearRaw)
Oppo	Find X9 Pro Wide Camera	DNG	2025	unverified	DNG decoder (uncompressed, LJ92, lossy, Deflate, JPEG XL, LinearRaw)
Oppo	Find X9s Pro Telephoto Camera	DNG	2025	unverified	DNG decoder (uncompressed, LJ92, lossy, Deflate, JPEG XL, LinearRaw)
Oppo	Find X9s Pro Ultrawide Camera	DNG	2025	unverified	DNG decoder (uncompressed, LJ92, lossy, Deflate, JPEG XL, LinearRaw)
Oppo	Find X9s Pro Wide Camera	DNG	2025	unverified	DNG decoder (uncompressed, LJ92, lossy, Deflate, JPEG XL, LinearRaw)
Oppo	Find X9 Ultra Super Telephoto Camera	DNG	2025	unverified	DNG decoder (uncompressed, LJ92, lossy, Deflate, JPEG XL, LinearRaw)
Oppo	Find X9 Ultra Telephoto Camera	DNG	2025	unverified	DNG decoder (uncompressed, LJ92, lossy, Deflate, JPEG XL, LinearRaw)
Oppo	Find X9 Ultra Ultrawide Camera	DNG	2025	unverified	DNG decoder (uncompressed, LJ92, lossy, Deflate, JPEG XL, LinearRaw)
Oppo	Find X9 Ultra Wide Camera	DNG	2025	unverified	DNG decoder (uncompressed, LJ92, lossy, Deflate, JPEG XL, LinearRaw)
Panasonic	LUMIX AG-GH4	RW2	2013	unverified	Panasonic decoder, every raw format
Panasonic	LUMIX DC-FZ80 (DC-FZ82, DC-FZ85)	RW2	2015	verified	PR #215: 178 raw.pixls.us files from 118 Panasonic / Leica bodies, every RW2 format
Panasonic	LUMIX DC-FZ80D (DC-FZ82D, DC-FZ85D)	RW2	2023	unverified	Panasonic decoder, every raw format
Panasonic	LUMIX DC-FZ81 (DC-FZ83)	RW2	2015	unverified	Panasonic decoder, every raw format
Panasonic	LUMIX DC-FZ1000M2 (DC-FZ10002)	RW2	2018	verified	PR #215: 178 raw.pixls.us files from 118 Panasonic / Leica bodies, every RW2 format
Panasonic	LUMIX DC-G100 (DC-G110)	RW2	2019	verified	PR #215: 178 raw.pixls.us files from 118 Panasonic / Leica bodies, every RW2 format
Panasonic	LUMIX DC-G9	RW2	2017	verified	PR #215: 178 raw.pixls.us files from 118 Panasonic / Leica bodies, every RW2 format
Panasonic	LUMIX DC-G99 (DC-G90, DC-G91, DC-G95)	RW2	2018	verified	PR #215: 178 raw.pixls.us files from 118 Panasonic / Leica bodies, every RW2 format
Panasonic	LUMIX DC-GF9 (DC-GX850, DC-GX800)	RW2	2015	verified	PR #215: 178 raw.pixls.us files from 118 Panasonic / Leica bodies, every RW2 format
Panasonic	LUMIX DC-GF10 (DC-GF90)	RW2	2017	verified	PR #215: 178 raw.pixls.us files from 118 Panasonic / Leica bodies, every RW2 format
Panasonic	LUMIX DC-GH5	RW2	2015	verified	PR #215: 178 raw.pixls.us files from 118 Panasonic / Leica bodies, every RW2 format
Panasonic	LUMIX DC-GH5M2	RW2	2020	verified	PR #215: 178 raw.pixls.us files from 118 Panasonic / Leica bodies, every RW2 format
Panasonic	LUMIX DC-GH5s	RW2	2017	verified	PR #215: 178 raw.pixls.us files from 118 Panasonic / Leica bodies, every RW2 format
Panasonic	LUMIX DC-GH6	RW2	2021	verified	PR #215: 178 raw.pixls.us files from 118 Panasonic / Leica bodies, every RW2 format
Panasonic	LUMIX DC-GH7	RW2	2023	verified	PR #215: 178 raw.pixls.us files from 118 Panasonic / Leica bodies, every RW2 format
Panasonic	LUMIX DC-GX880	RW2	2018	verified	PR #215: 178 raw.pixls.us files from 118 Panasonic / Leica bodies, every RW2 format
Panasonic	LUMIX DC-LX100 II	RW2	2018	verified	PR #215: raw.pixls.us bulk check of every RW2 / RWL / RAW body
Panasonic	LUMIX DC-S1	RW2	2018	verified	PR #215: 178 raw.pixls.us files from 118 Panasonic / Leica bodies, every RW2 format
Panasonic	LUMIX DC-S1H	RW2	2018	verified	PR #215: 178 raw.pixls.us files from 118 Panasonic / Leica bodies, every RW2 format
Panasonic	LUMIX DC-S1R	RW2	2018	verified	PR #215: 178 raw.pixls.us files from 118 Panasonic / Leica bodies, every RW2 format
Panasonic	LUMIX DC-S5	RW2	2020	verified	PR #215: 178 raw.pixls.us files from 118 Panasonic / Leica bodies, every RW2 format
Panasonic	LUMIX DC-S9	RW2	2023	verified	PR #215: 178 raw.pixls.us files from 118 Panasonic / Leica bodies, every RW2 format
Panasonic	LUMIX DC-ZS70 (DC-TZ90, DC-TZ91, DC-TZ92, DC-TZ93)	RW2	2015	verified	PR #215: 178 raw.pixls.us files from 118 Panasonic / Leica bodies, every RW2 format
Panasonic	LUMIX DC-ZS80 (DC-TZ95, DC-TZ96, DC-TZ97)	RW2	2018	verified	PR #215: 178 raw.pixls.us files from 118 Panasonic / Leica bodies, every RW2 format
Panasonic	LUMIX DMC-CM1	RW2	2013	verified	PR #215: 178 raw.pixls.us files from 118 Panasonic / Leica bodies, every RW2 format
Panasonic	LUMIX DMC-CM10	RW2	2015	unverified	Panasonic decoder, every raw format
Panasonic	LUMIX DMC-FZ1000	RW2	2013	verified	PR #215: 178 raw.pixls.us files from 118 Panasonic / Leica bodies, every RW2 format
Panasonic	LUMIX DMC-FX150	RW2	2008	verified	PR #215: 178 raw.pixls.us files from 118 Panasonic / Leica bodies, every RW2 format
Panasonic	LUMIX DMC-FZ8	RAW	2007	verified	PR #215: 178 raw.pixls.us files from 118 Panasonic / Leica bodies, every RW2 format
Panasonic	LUMIX DMC-FZ18	RAW	2007	verified	PR #215: 178 raw.pixls.us files from 118 Panasonic / Leica bodies, every RW2 format
Panasonic	LUMIX DMC-FZ28	RW2	2008	verified	PR #215: 178 raw.pixls.us files from 118 Panasonic / Leica bodies, every RW2 format
Panasonic	LUMIX DMC-FZ30	RAW	2005	verified	PR #215: 178 raw.pixls.us files from 118 Panasonic / Leica bodies, every RW2 format
Panasonic	LUMIX DMC-FZ35	RW2	2008	verified	PR #215: 178 raw.pixls.us files from 118 Panasonic / Leica bodies, every RW2 format
Panasonic	LUMIX DMC-FZ38	RW2	2008	verified	PR #215: 178 raw.pixls.us files from 118 Panasonic / Leica bodies, every RW2 format
Panasonic	LUMIX DMC-FZ40 (DMC-FZ45)	RW2	2010	verified	PR #215: raw.pixls.us bulk check of every RW2 / RWL / RAW body
Panasonic	LUMIX DMC-FZ50	RAW	2005	verified	PR #215: 178 raw.pixls.us files from 118 Panasonic / Leica bodies, every RW2 format
Panasonic	LUMIX DMC-FZ70	RW2	2013	verified	PR #215: 178 raw.pixls.us files from 118 Panasonic / Leica bodies, every RW2 format
Panasonic	LUMIX DMC-FZ72	RW2	2013	verified	PR #215: 178 raw.pixls.us files from 118 Panasonic / Leica bodies, every RW2 format
Panasonic	LUMIX DMC-FZ100	RW2	2010	verified	PR #215: 178 raw.pixls.us files from 118 Panasonic / Leica bodies, every RW2 format
Panasonic	LUMIX DMC-FZ150	RW2	2010	verified	PR #215: 178 raw.pixls.us files from 118 Panasonic / Leica bodies, every RW2 format
Panasonic	LUMIX DMC-FZ200	RW2	2012	verified	PR #215: 178 raw.pixls.us files from 118 Panasonic / Leica bodies, every RW2 format
Panasonic	LUMIX DMC-FZ2500 (DMC-FZ2000, DMC-FZH1)	RW2	2015	verified	PR #215: 178 raw.pixls.us files from 118 Panasonic / Leica bodies, every RW2 format
Panasonic	LUMIX DMC-FZ300	RW2	2015	verified	PR #215: 178 raw.pixls.us files from 118 Panasonic / Leica bodies, every RW2 format
Panasonic	LUMIX DMC-FZ330	RW2	2015	verified	PR #215: 178 raw.pixls.us files from 118 Panasonic / Leica bodies, every RW2 format
Panasonic	LUMIX DMC-G1	RW2	2008	verified	PR #215: 178 raw.pixls.us files from 118 Panasonic / Leica bodies, every RW2 format
Panasonic	LUMIX DMC-G2	RW2	2010	verified	PR #215: 178 raw.pixls.us files from 118 Panasonic / Leica bodies, every RW2 format
Panasonic	LUMIX DMC-G3	RW2	2010	verified	PR #215: 178 raw.pixls.us files from 118 Panasonic / Leica bodies, every RW2 format
Panasonic	LUMIX DMC-G5	RW2	2012	verified	PR #215: 178 raw.pixls.us files from 118 Panasonic / Leica bodies, every RW2 format
Panasonic	LUMIX DMC-G6	RW2	2013	verified	PR #215: 178 raw.pixls.us files from 118 Panasonic / Leica bodies, every RW2 format
Panasonic	LUMIX DMC-G7	RW2	2015	verified	PR #215: 178 raw.pixls.us files from 118 Panasonic / Leica bodies, every RW2 format
Panasonic	LUMIX DMC-G8 (DMC-G80, DMC-G81, DMC-G85)	RW2	2015	verified	PR #215: 178 raw.pixls.us files from 118 Panasonic / Leica bodies, every RW2 format
Panasonic	LUMIX DMC-G10	RW2	2010	verified	PR #215: 178 raw.pixls.us files from 118 Panasonic / Leica bodies, every RW2 format
Panasonic	LUMIX DMC-GF1	RW2	2008	verified	PR #215: 178 raw.pixls.us files from 118 Panasonic / Leica bodies, every RW2 format
Panasonic	LUMIX DMC-GF2	RW2	2010	verified	PR #215: 178 raw.pixls.us files from 118 Panasonic / Leica bodies, every RW2 format
Panasonic	LUMIX DMC-GF3	RW2	2010	verified	PR #215: 178 raw.pixls.us files from 118 Panasonic / Leica bodies, every RW2 format
Panasonic	LUMIX DMC-GF5	RW2	2012	verified	PR #215: 178 raw.pixls.us files from 118 Panasonic / Leica bodies, every RW2 format
Panasonic	LUMIX DMC-GF6	RW2	2012	verified	PR #215: 178 raw.pixls.us files from 118 Panasonic / Leica bodies, every RW2 format
Panasonic	LUMIX DMC-GF7	RW2	2015	verified	PR #215: 178 raw.pixls.us files from 118 Panasonic / Leica bodies, every RW2 format
Panasonic	LUMIX DMC-GF8	RW2	2015	verified	PR #215: 178 raw.pixls.us files from 118 Panasonic / Leica bodies, every RW2 format
Panasonic	LUMIX DMC-GH1	RW2	2008	verified	PR #215: 178 raw.pixls.us files from 118 Panasonic / Leica bodies, every RW2 format
Panasonic	LUMIX DMC-GH2	RW2	2010	verified	PR #215: 178 raw.pixls.us files from 118 Panasonic / Leica bodies, every RW2 format
Panasonic	LUMIX DMC-GH3	RW2	2012	verified	PR #215: 178 raw.pixls.us files from 118 Panasonic / Leica bodies, every RW2 format
Panasonic	LUMIX DMC-GH4	RW2	2013	verified	PR #215: 178 raw.pixls.us files from 118 Panasonic / Leica bodies, every RW2 format
Panasonic	LUMIX DMC-GM1	RW2	2013	verified	PR #215: 178 raw.pixls.us files from 118 Panasonic / Leica bodies, every RW2 format
Panasonic	LUMIX DMC-GM1S	RW2	2013	verified	PR #215: 178 raw.pixls.us files from 118 Panasonic / Leica bodies, every RW2 format
Panasonic	LUMIX DMC-GM5	RW2	2013	verified	PR #215: 178 raw.pixls.us files from 118 Panasonic / Leica bodies, every RW2 format
Panasonic	LUMIX DMC-GX1	RW2	2010	verified	PR #215: 178 raw.pixls.us files from 118 Panasonic / Leica bodies, every RW2 format
Panasonic	LUMIX DMC-GX7	RW2	2013	verified	PR #215: 178 raw.pixls.us files from 118 Panasonic / Leica bodies, every RW2 format
Panasonic	LUMIX DMC-GX8	RW2	2015	verified	PR #215: 178 raw.pixls.us files from 118 Panasonic / Leica bodies, every RW2 format
Panasonic	LUMIX DMC-GX85 (DMC-GX80, DMC-GX7MK2)	RW2	2015	verified	PR #215: 178 raw.pixls.us files from 118 Panasonic / Leica bodies, every RW2 format
Panasonic	LUMIX DC-GX9 (DC-GX7MK3)	RW2	2017	verified	PR #215: 178 raw.pixls.us files from 118 Panasonic / Leica bodies, every RW2 format
Panasonic	LUMIX DMC-L1	RAW	2005	verified	PR #215: 178 raw.pixls.us files from 118 Panasonic / Leica bodies, every RW2 format
Panasonic	LUMIX DMC-L10	RAW	2007	verified	PR #215: 178 raw.pixls.us files from 118 Panasonic / Leica bodies, every RW2 format
Panasonic	LUMIX DMC-LC1	RAW	2003	unverified	Panasonic decoder, every raw format
Panasonic	LUMIX DMC-LF1	RW2	2013	verified	PR #215: 178 raw.pixls.us files from 118 Panasonic / Leica bodies, every RW2 format
Panasonic	LUMIX DMC-LX1	RAW	2005	verified	PR #215: 178 raw.pixls.us files from 118 Panasonic / Leica bodies, every RW2 format
Panasonic	LUMIX DMC-LX2	RAW	2005	verified	PR #215: 178 raw.pixls.us files from 118 Panasonic / Leica bodies, every RW2 format
Panasonic	LUMIX DMC-LX3	RW2	2008	verified	PR #215: 178 raw.pixls.us files from 118 Panasonic / Leica bodies, every RW2 format
Panasonic	LUMIX DMC-LX5	RW2	2010	verified	PR #215: 178 raw.pixls.us files from 118 Panasonic / Leica bodies, every RW2 format
Panasonic	LUMIX DMC-LX7	RW2	2012	verified	PR #215: 178 raw.pixls.us files from 118 Panasonic / Leica bodies, every RW2 format
Panasonic	LUMIX DMC-LX9 (DMC-LX10, DMC-LX15)	RW2	2015	verified	PR #215: 178 raw.pixls.us files from 118 Panasonic / Leica bodies, every RW2 format
Panasonic	LUMIX DMC-LX100	RW2	2013	verified	PR #215: 178 raw.pixls.us files from 118 Panasonic / Leica bodies, every RW2 format
Panasonic	LUMIX DMC-TZ82	RW2	2015	unverified	Panasonic decoder, every raw format
Panasonic	LUMIX DMC-ZS40 (DMC-TZ60, DMC-TZ61)	RW2	2013	verified	PR #215: 178 raw.pixls.us files from 118 Panasonic / Leica bodies, every RW2 format
Panasonic	LUMIX DMC-ZS50 (DMC-TZ70, DMC-TZ71)	RW2	2015	verified	PR #215: 178 raw.pixls.us files from 118 Panasonic / Leica bodies, every RW2 format
Panasonic	LUMIX DMC-ZS60 (DMC-TZ80, DMC-TZ81, DMC-TZ85)	RW2	2015	verified	PR #215: 178 raw.pixls.us files from 118 Panasonic / Leica bodies, every RW2 format
Panasonic	LUMIX DMC-ZS100 (DMC-ZS110, DMC-TZ100, DMC-TZ101, DMC-TZ110, DMC-TX1)	RW2	2015	verified	PR #215: 178 raw.pixls.us files from 118 Panasonic / Leica bodies, every RW2 format
Panasonic	LUMIX ZS200 (DC-TX2, DC-TZ200, DC-TZ202, DC-TZ220, DC-ZS220)	RW2	2017	verified	PR #215: 178 raw.pixls.us files from 118 Panasonic / Leica bodies, every RW2 format
Panasonic	LUMIX DC-G95D	RW2	2021	verified	PR #215: 178 raw.pixls.us files from 118 Panasonic / Leica bodies, every RW2 format
Panasonic	LUMIX DC-G99D	RW2	2021	unverified	Panasonic decoder, every raw format
Panasonic	LUMIX DC-TX2D (DC-TZ200D, DC-TZ202D, DC-TZ220D, DC-ZS200D, DC-ZS220D)	RW2	2022	verified	PR #215: 178 raw.pixls.us files from 118 Panasonic / Leica bodies, every RW2 format
Panasonic	LUMIX DC-ZS80D (DC-TZ95D, DC-TZ96D)	RW2	2022	verified	PR #215: 178 raw.pixls.us files from 118 Panasonic / Leica bodies, every RW2 format
Panasonic	LUMIX DC-S5M2	RW2	2022	verified	PR #215: 178 raw.pixls.us files from 118 Panasonic / Leica bodies, every RW2 format
Panasonic	LUMIX DC-S5M2X	RW2	2022	verified	PR #215: 178 raw.pixls.us files from 118 Panasonic / Leica bodies, every RW2 format
Panasonic	LUMIX DCG9M2	RW2	2023	verified	PR #215: 178 raw.pixls.us files from 118 Panasonic / Leica bodies, every RW2 format
Panasonic	LUMIX DC-G100D	RW2	2023	verified	PR #215: 178 raw.pixls.us files from 118 Panasonic / Leica bodies, every RW2 format
Panasonic	LUMIX DC-S5D	RW2	2024	unverified	Panasonic decoder, every raw format
Panasonic	LUMIX DC - G97 (DC-G99M2)	RW2	2024	verified	PR #215: 178 raw.pixls.us files from 118 Panasonic / Leica bodies, every RW2 format
Panasonic	LUMIX DC - TZ99 (DC - ZS99)	RW2	2024	unverified	Panasonic decoder, every raw format
Panasonic	LUMIX DC-S1RM2 (Final Support)	RW2	2024	verified	PR #215: 178 raw.pixls.us files from 118 Panasonic / Leica bodies, every RW2 format
Panasonic	LUMIX DC-S1M2ES (Final Support)	RW2	2024	verified	PR #215: 178 raw.pixls.us files from 118 Panasonic / Leica bodies, every RW2 format
Panasonic	LUMIX DC-S1M2	RW2	2024	verified	PR #215: 178 raw.pixls.us files from 118 Panasonic / Leica bodies, every RW2 format
Panasonic	LUMIX DC-ZS300 (DC-TZ300, DC-TX3)	RW2	2025	unverified	Panasonic decoder, every raw format
Panasonic	LUMIX DC-L10	RW2	2025	unverified	Panasonic decoder, every raw format
Parrot	Anafi	DNG	2017	unverified	DNG decoder (uncompressed, LJ92, lossy, Deflate, JPEG XL, LinearRaw)
Parrot	ANAFI Ai	DNG	2020	unverified	DNG decoder (uncompressed, LJ92, lossy, Deflate, JPEG XL, LinearRaw)
Pentax	645D	DNG	2010	unverified	DNG decoder (uncompressed, LJ92, lossy, Deflate, JPEG XL, LinearRaw)
Pentax	645Z	DNG	2013	unverified	DNG decoder (uncompressed, LJ92, lossy, Deflate, JPEG XL, LinearRaw)
Pentax	*ist D	PEF	2003	unverified	PEF decoder (uncompressed, Huffman, packed 12-bit)
Pentax	*ist DL	PEF	2005	unverified	PEF decoder (uncompressed, Huffman, packed 12-bit)
Pentax	*ist DL2	PEF	2005	unverified	PEF decoder (uncompressed, Huffman, packed 12-bit)
Pentax	*ist DS	PEF	2005	unverified	PEF decoder (uncompressed, Huffman, packed 12-bit)
Pentax	*ist DS2	PEF	2005	unverified	PEF decoder (uncompressed, Huffman, packed 12-bit)
Pentax	K-01	DNG	2012	unverified	DNG decoder (uncompressed, LJ92, lossy, Deflate, JPEG XL, LinearRaw)
Pentax	K-1	DNG	2015	unverified	DNG decoder (uncompressed, LJ92, lossy, Deflate, JPEG XL, LinearRaw)
Pentax	K-1 II (* see note)	DNG	2017	unverified	DNG decoder (uncompressed, LJ92, lossy, Deflate, JPEG XL, LinearRaw)
Pentax	K-3	DNG	2013	verified	corpus: crates/raw/tests/corpus.rs (xtask RAW_SAMPLES)
Pentax	K-3 II († see note)	DNG	2015	unverified	DNG decoder (uncompressed, LJ92, lossy, Deflate, JPEG XL, LinearRaw)
Pentax	K-5	DNG	2010	unverified	DNG decoder (uncompressed, LJ92, lossy, Deflate, JPEG XL, LinearRaw)
Pentax	K-5 II	DNG	2012	unverified	DNG decoder (uncompressed, LJ92, lossy, Deflate, JPEG XL, LinearRaw)
Pentax	K-5 IIs	DNG	2012	verified	corpus: crates/raw/tests/corpus.rs (xtask RAW_SAMPLES)
Pentax	K-7	PEF	2008	unverified	PEF decoder (uncompressed, Huffman, packed 12-bit)
Pentax	K-3 Mark III	DNG	2020	unverified	DNG decoder (uncompressed, LJ92, lossy, Deflate, JPEG XL, LinearRaw)
Pentax	K-3 Mark III Monochrome	DNG	2022	unverified	DNG decoder (uncompressed, LJ92, lossy, Deflate, JPEG XL, LinearRaw)
Pentax	K-30	DNG	2012	unverified	DNG decoder (uncompressed, LJ92, lossy, Deflate, JPEG XL, LinearRaw)
Pentax	K-50	DNG	2013	unverified	DNG decoder (uncompressed, LJ92, lossy, Deflate, JPEG XL, LinearRaw)
Pentax	K-70	PEF	2015	unverified	PEF decoder (uncompressed, Huffman, packed 12-bit)
Pentax	K-500	DNG	2013	unverified	DNG decoder (uncompressed, LJ92, lossy, Deflate, JPEG XL, LinearRaw)
Pentax	KP	DNG	2015	unverified	DNG decoder (uncompressed, LJ92, lossy, Deflate, JPEG XL, LinearRaw)
Pentax	K-r	PEF	2010	unverified	PEF decoder (uncompressed, Huffman, packed 12-bit)
Pentax	K-S1	DNG	2013	unverified	DNG decoder (uncompressed, LJ92, lossy, Deflate, JPEG XL, LinearRaw)
Pentax	K-S2	DNG	2015	unverified	DNG decoder (uncompressed, LJ92, lossy, Deflate, JPEG XL, LinearRaw)
Pentax	K-x	PEF	2008	unverified	PEF decoder (uncompressed, Huffman, packed 12-bit)
Pentax	K10D	DNG	2005	verified	corpus: crates/raw/tests/corpus.rs (xtask RAW_SAMPLES)
Pentax	K20D	DNG	2007	unverified	DNG decoder (uncompressed, LJ92, lossy, Deflate, JPEG XL, LinearRaw)
Pentax	K100D	PEF	2005	unverified	PEF decoder (uncompressed, Huffman, packed 12-bit)
Pentax	K100D Super	PEF	2007	unverified	PEF decoder (uncompressed, Huffman, packed 12-bit)
Pentax	K110D	PEF	2005	unverified	PEF decoder (uncompressed, Huffman, packed 12-bit)
Pentax	K200D	DNG	2007	unverified	DNG decoder (uncompressed, LJ92, lossy, Deflate, JPEG XL, LinearRaw)
Pentax	K2000 K-m	PEF	2008	unverified	PEF decoder (uncompressed, Huffman, packed 12-bit)
Pentax	KF	PEF	2022	unverified	PEF decoder (uncompressed, Huffman, packed 12-bit)
Pentax	MX-1	DNG	2012	unverified	DNG decoder (uncompressed, LJ92, lossy, Deflate, JPEG XL, LinearRaw)
Pentax	Q	DNG	2010	unverified	DNG decoder (uncompressed, LJ92, lossy, Deflate, JPEG XL, LinearRaw)
Pentax	Q7	DNG	2013	unverified	DNG decoder (uncompressed, LJ92, lossy, Deflate, JPEG XL, LinearRaw)
Pentax	Q10	DNG	2012	unverified	DNG decoder (uncompressed, LJ92, lossy, Deflate, JPEG XL, LinearRaw)
Pentax	QS-1	DNG	2013	unverified	DNG decoder (uncompressed, LJ92, lossy, Deflate, JPEG XL, LinearRaw)
Pixii	PIXII Camera (A1571)	DNG	2021	unverified	DNG decoder (uncompressed, LJ92, lossy, Deflate, JPEG XL, LinearRaw)
Phase One	H 20	TIF	2007	unsupported	TIF is not imported
Phase One	H 25	TIF	2007	unsupported	TIF is not imported
Phase One	IQ 140	IIQ	2010	preview	IIQ is opened from its embedded JPEG only
Phase One	IQ 160	IIQ	2010	preview	IIQ is opened from its embedded JPEG only
Phase One	IQ 150	IIQ	2015	preview	IIQ is opened from its embedded JPEG only
Phase One	IQ 180	IIQ	2010	preview	IIQ is opened from its embedded JPEG only
Phase One	IQ 250	IIQ	2013	preview	IIQ is opened from its embedded JPEG only
Phase One	IQ 260	IIQ	2013	preview	IIQ is opened from its embedded JPEG only
Phase One	IQ 280	IIQ	2013	preview	IIQ is opened from its embedded JPEG only
Phase One	IQ3 50MP	IIQ	2015	preview	IIQ is opened from its embedded JPEG only
Phase One	IQ3 60MP	IIQ	2015	preview	IIQ is opened from its embedded JPEG only
Phase One	IQ3 80MP	IIQ	2015	preview	IIQ is opened from its embedded JPEG only
Phase One	IQ3 100MP	IIQ	2015	preview	IIQ is opened from its embedded JPEG only
Phase One	IQ3 100MP Trichromatic (*see note)	IIQ	2017	preview	IIQ is opened from its embedded JPEG only
Phase One	IQ4 150MP (**see note)	IIQ	2019	preview	IIQ is opened from its embedded JPEG only
Phase One	IQ4 150MP Achromatic (** see note)	IIQ	2020	preview	IIQ is opened from its embedded JPEG only
Phase One	P 20	TIF	2007	unsupported	TIF is not imported
Phase One	P 20+	TIF	2007	unsupported	TIF is not imported
Phase One	P 21	TIF	2007	unsupported	TIF is not imported
Phase One	P 21+	TIF	2007	unsupported	TIF is not imported
Phase One	P 25	TIF	2007	unsupported	TIF is not imported
Phase One	P 25+	TIF	2007	unsupported	TIF is not imported
Phase One	P 30	TIF	2007	unsupported	TIF is not imported
Phase One	P 30+	TIF	2007	unsupported	TIF is not imported
Phase One	P 40+	IIQ	2010	preview	IIQ is opened from its embedded JPEG only
Phase One	P 45	TIF	2007	unsupported	TIF is not imported
Phase One	P 45+	TIF	2007	unsupported	TIF is not imported
Phase One	P 65+	IIQ	2010	preview	IIQ is opened from its embedded JPEG only
Ricoh	GR	DNG	2013	unverified	DNG decoder (uncompressed, LJ92, lossy, Deflate, JPEG XL, LinearRaw)
Ricoh	GR II	DNG	2015	unverified	DNG decoder (uncompressed, LJ92, lossy, Deflate, JPEG XL, LinearRaw)
Ricoh	GR III	DNG	2018	verified	corpus: crates/raw/tests/corpus.rs (xtask RAW_SAMPLES)
Ricoh	GR IIIx	DNG	2021	unverified	DNG decoder (uncompressed, LJ92, lossy, Deflate, JPEG XL, LinearRaw)
Ricoh	GR III HDF	DNG	2023	unverified	DNG decoder (uncompressed, LJ92, lossy, Deflate, JPEG XL, LinearRaw)
Ricoh	GR IIIx HDF	DNG	2023	unverified	DNG decoder (uncompressed, LJ92, lossy, Deflate, JPEG XL, LinearRaw)
Ricoh	GR IV	DNG	2024	unverified	DNG decoder (uncompressed, LJ92, lossy, Deflate, JPEG XL, LinearRaw)
Ricoh	GR IV Monochrome	DNG	2025	unverified	DNG decoder (uncompressed, LJ92, lossy, Deflate, JPEG XL, LinearRaw)
Ricoh	GR Digital	DNG	2003	unverified	DNG decoder (uncompressed, LJ92, lossy, Deflate, JPEG XL, LinearRaw)
Ricoh	GR Digital II	DNG	2003	unverified	DNG decoder (uncompressed, LJ92, lossy, Deflate, JPEG XL, LinearRaw)
Ricoh	GR Digital III	DNG	2008	unverified	DNG decoder (uncompressed, LJ92, lossy, Deflate, JPEG XL, LinearRaw)
Ricoh	GR Digital IV	DNG	2010	unverified	DNG decoder (uncompressed, LJ92, lossy, Deflate, JPEG XL, LinearRaw)
Ricoh	GX100	DNG	2003	unverified	DNG decoder (uncompressed, LJ92, lossy, Deflate, JPEG XL, LinearRaw)
Ricoh	GX200	DNG	2003	unverified	DNG decoder (uncompressed, LJ92, lossy, Deflate, JPEG XL, LinearRaw)
Ricoh	GXR with GR LENS A12 28mm F2.5	DNG	2010	unverified	DNG decoder (uncompressed, LJ92, lossy, Deflate, JPEG XL, LinearRaw)
Ricoh	GXR with GR LENS A12 50mm F2.5 MACRO	DNG	2008	unverified	DNG decoder (uncompressed, LJ92, lossy, Deflate, JPEG XL, LinearRaw)
Ricoh	GXR with GR LENS A16 24-85 F3.5-5.5	DNG	2010	unverified	DNG decoder (uncompressed, LJ92, lossy, Deflate, JPEG XL, LinearRaw)
Ricoh	GXR with GR LENS S10 24-72mm F2.5-4.4 VC	DNG	2008	unverified	DNG decoder (uncompressed, LJ92, lossy, Deflate, JPEG XL, LinearRaw)
Ricoh	GXR with GR LENS Mount A12	DNG	2010	unverified	DNG decoder (uncompressed, LJ92, lossy, Deflate, JPEG XL, LinearRaw)
Ricoh	THETA Z1	DNG	2018	unverified	DNG decoder (uncompressed, LJ92, lossy, Deflate, JPEG XL, LinearRaw)
Samsung	EK-GN100	SRW	2012	preview	compressed SRW is not decoded
Samsung	EK-GN110	SRW	2012	preview	compressed SRW is not decoded
Samsung	EK-GN120	SRW	2012	preview	compressed SRW is not decoded
Samsung	EK-KN120	SRW	2012	preview	compressed SRW is not decoded
Samsung	EX2F	SRW	2012	unverified	uncompressed / packed SRW
Samsung	NX300	SRW	2012	preview	compressed SRW is not decoded
Samsung	NX500	SRW	2015	preview	compressed SRW is not decoded
Samsung	NX1000	SRW	2012	unverified	uncompressed / packed SRW
Samsung	NX1100	SRW	2012	unverified	uncompressed / packed SRW
Samsung	NX2000	SRW	2012	preview	compressed SRW is not decoded
Samsung	NX3000	SRW	2013	preview	compressed SRW is not decoded
Samsung	NX3300	SRW	2015	preview	compressed SRW is not decoded
Samsung	NX U	SRW	2012	unverified	uncompressed / packed SRW
Samsung	Pro 815	DNG	2003	unverified	DNG decoder (uncompressed, LJ92, lossy, Deflate, JPEG XL, LinearRaw)
Samsung	TL350 (WB2000)	SRW	2010	unverified	uncompressed / packed SRW
Samsung	TL500 (EX1)	SRW	2010	verified	corpus: crates/raw/tests/corpus.rs (xtask RAW_SAMPLES)
Samsung	Galaxy Note 9	DNG	2018	unverified	DNG decoder (uncompressed, LJ92, lossy, Deflate, JPEG XL, LinearRaw)
Samsung	Galaxy Note 20 Rear Main Camera	DNG	2020	unverified	DNG decoder (uncompressed, LJ92, lossy, Deflate, JPEG XL, LinearRaw)
Samsung	Galaxy Note 20 Ultra Rear Main Camera	DNG	2020	unverified	DNG decoder (uncompressed, LJ92, lossy, Deflate, JPEG XL, LinearRaw)
Samsung	Galaxy S20 Front Camera	DNG	2019	unverified	DNG decoder (uncompressed, LJ92, lossy, Deflate, JPEG XL, LinearRaw)
Samsung	Galaxy S20 Rear Main Camera	DNG	2019	unverified	DNG decoder (uncompressed, LJ92, lossy, Deflate, JPEG XL, LinearRaw)
Samsung	Galaxy S20+ Front Camera	DNG	2019	unverified	DNG decoder (uncompressed, LJ92, lossy, Deflate, JPEG XL, LinearRaw)
Samsung	Galaxy S20+ Rear Main Camera	DNG	2019	unverified	DNG decoder (uncompressed, LJ92, lossy, Deflate, JPEG XL, LinearRaw)
Samsung	Galaxy S20 Ultra Front Camera	DNG	2019	unverified	DNG decoder (uncompressed, LJ92, lossy, Deflate, JPEG XL, LinearRaw)
Samsung	Galaxy S20 Ultra Rear Main Camera	DNG	2019	unverified	DNG decoder (uncompressed, LJ92, lossy, Deflate, JPEG XL, LinearRaw)
Samsung	Galaxy S21 Rear Main Camera	DNG	2020	unverified	DNG decoder (uncompressed, LJ92, lossy, Deflate, JPEG XL, LinearRaw)
Samsung	Galaxy S21 Rear Wide Camera	DNG	2020	unverified	DNG decoder (uncompressed, LJ92, lossy, Deflate, JPEG XL, LinearRaw)
Samsung	Galaxy S21+ Rear Main Camera	DNG	2020	unverified	DNG decoder (uncompressed, LJ92, lossy, Deflate, JPEG XL, LinearRaw)
Samsung	Galaxy S21+ Rear Wide Camera	DNG	2020	unverified	DNG decoder (uncompressed, LJ92, lossy, Deflate, JPEG XL, LinearRaw)
Samsung	Galaxy S21 Ultra Rear Main Camera	DNG	2020	unverified	DNG decoder (uncompressed, LJ92, lossy, Deflate, JPEG XL, LinearRaw)
Samsung	Galaxy S21 Ultra Rear Wide Camera	DNG	2020	unverified	DNG decoder (uncompressed, LJ92, lossy, Deflate, JPEG XL, LinearRaw)
Samsung	Galaxy S21 Ultra Super Telephoto Camera	DNG	2021	unverified	DNG decoder (uncompressed, LJ92, lossy, Deflate, JPEG XL, LinearRaw)
Samsung	Galaxy S21 Ultra Telephoto Camera	DNG	2021	unverified	DNG decoder (uncompressed, LJ92, lossy, Deflate, JPEG XL, LinearRaw)
Samsung	Galaxy S6	DNG	2018	unverified	DNG decoder (uncompressed, LJ92, lossy, Deflate, JPEG XL, LinearRaw)
Samsung	Galaxy S6 Edge	DNG	2018	unverified	DNG decoder (uncompressed, LJ92, lossy, Deflate, JPEG XL, LinearRaw)
Samsung	Galaxy S7	DNG	2015	unverified	DNG decoder (uncompressed, LJ92, lossy, Deflate, JPEG XL, LinearRaw)
Samsung	Galaxy S7 Edge	DNG	2015	unverified	DNG decoder (uncompressed, LJ92, lossy, Deflate, JPEG XL, LinearRaw)
Samsung	Galaxy S8	DNG	2017	unverified	DNG decoder (uncompressed, LJ92, lossy, Deflate, JPEG XL, LinearRaw)
Samsung	Galaxy S8+	DNG	2017	unverified	DNG decoder (uncompressed, LJ92, lossy, Deflate, JPEG XL, LinearRaw)
Samsung	Galaxy S9	DNG	2017	unverified	DNG decoder (uncompressed, LJ92, lossy, Deflate, JPEG XL, LinearRaw)
Samsung	Galaxy S9+	DNG	2017	unverified	DNG decoder (uncompressed, LJ92, lossy, Deflate, JPEG XL, LinearRaw)
Samsung	Galaxy Z Fold3 Rear Main Camera	DNG	2021	unverified	DNG decoder (uncompressed, LJ92, lossy, Deflate, JPEG XL, LinearRaw)
Samsung	Galaxy Z Fold3 Rear Telephoto Camera	DNG	2021	unverified	DNG decoder (uncompressed, LJ92, lossy, Deflate, JPEG XL, LinearRaw)
Samsung	Galaxy Z Fold3 Rear Ultrawide Camera	DNG	2021	unverified	DNG decoder (uncompressed, LJ92, lossy, Deflate, JPEG XL, LinearRaw)
Samsung	Galaxy S22 Front Camera	DNG	2021	unverified	DNG decoder (uncompressed, LJ92, lossy, Deflate, JPEG XL, LinearRaw)
Samsung	Galaxy S22 Rear Telephoto Camera	DNG	2021	unverified	DNG decoder (uncompressed, LJ92, lossy, Deflate, JPEG XL, LinearRaw)
Samsung	Galaxy S22 Rear Ultrawide Camera	DNG	2021	unverified	DNG decoder (uncompressed, LJ92, lossy, Deflate, JPEG XL, LinearRaw)
Samsung	Galaxy S22 Rear Wide Camera	DNG	2021	unverified	DNG decoder (uncompressed, LJ92, lossy, Deflate, JPEG XL, LinearRaw)
Samsung	Galaxy S22+ Front Camera	DNG	2021	unverified	DNG decoder (uncompressed, LJ92, lossy, Deflate, JPEG XL, LinearRaw)
Samsung	Galaxy S22+ Rear Telephoto Camera	DNG	2021	unverified	DNG decoder (uncompressed, LJ92, lossy, Deflate, JPEG XL, LinearRaw)
Samsung	Galaxy S22+ Rear Ultrawide Camera	DNG	2021	unverified	DNG decoder (uncompressed, LJ92, lossy, Deflate, JPEG XL, LinearRaw)
Samsung	Galaxy S22+ Rear Wide Camera	DNG	2021	unverified	DNG decoder (uncompressed, LJ92, lossy, Deflate, JPEG XL, LinearRaw)
Samsung	Galaxy S22 Ultra Front Camera	DNG	2021	unverified	DNG decoder (uncompressed, LJ92, lossy, Deflate, JPEG XL, LinearRaw)
Samsung	Galaxy S22 Ultra Rear Super Telephoto Camera	DNG	2021	unverified	DNG decoder (uncompressed, LJ92, lossy, Deflate, JPEG XL, LinearRaw)
Samsung	Galaxy S22 Ultra Rear Telephoto Camera	DNG	2021	unverified	DNG decoder (uncompressed, LJ92, lossy, Deflate, JPEG XL, LinearRaw)
Samsung	Galaxy S22 Ultra Rear Ultrawide Camera	DNG	2021	unverified	DNG decoder (uncompressed, LJ92, lossy, Deflate, JPEG XL, LinearRaw)
Samsung	Galaxy S22 Ultra Rear Wide Camera	DNG	2021	unverified	DNG decoder (uncompressed, LJ92, lossy, Deflate, JPEG XL, LinearRaw)
Samsung	Galaxy S23 Front Camera	DNG	2022	unverified	DNG decoder (uncompressed, LJ92, lossy, Deflate, JPEG XL, LinearRaw)
Samsung	Galaxy S23 Rear Telephoto Camera	DNG	2022	unverified	DNG decoder (uncompressed, LJ92, lossy, Deflate, JPEG XL, LinearRaw)
Samsung	Galaxy S23 Rear Ultrawide Camera	DNG	2022	unverified	DNG decoder (uncompressed, LJ92, lossy, Deflate, JPEG XL, LinearRaw)
Samsung	Galaxy S23 Rear Wide Camera	DNG	2022	unverified	DNG decoder (uncompressed, LJ92, lossy, Deflate, JPEG XL, LinearRaw)
Samsung	Galaxy S23+ Front Camera	DNG	2022	unverified	DNG decoder (uncompressed, LJ92, lossy, Deflate, JPEG XL, LinearRaw)
Samsung	Galaxy S23+ Rear Telephoto Camera	DNG	2022	unverified	DNG decoder (uncompressed, LJ92, lossy, Deflate, JPEG XL, LinearRaw)
Samsung	Galaxy S23+ Rear Ultrawide Camera	DNG	2022	unverified	DNG decoder (uncompressed, LJ92, lossy, Deflate, JPEG XL, LinearRaw)
Samsung	Galaxy S23+ Rear Wide Camera	DNG	2022	unverified	DNG decoder (uncompressed, LJ92, lossy, Deflate, JPEG XL, LinearRaw)
Samsung	Galaxy S23 Ultra Front Camera	DNG	2022	unverified	DNG decoder (uncompressed, LJ92, lossy, Deflate, JPEG XL, LinearRaw)
Samsung	Galaxy S23 Ultra Rear Super Telephoto Camera	DNG	2022	unverified	DNG decoder (uncompressed, LJ92, lossy, Deflate, JPEG XL, LinearRaw)
Samsung	Galaxy S23 Ultra Rear Telephoto Camera	DNG	2022	unverified	DNG decoder (uncompressed, LJ92, lossy, Deflate, JPEG XL, LinearRaw)
Samsung	Galaxy S23 Ultra Rear Ultrawide Camera	DNG	2022	unverified	DNG decoder (uncompressed, LJ92, lossy, Deflate, JPEG XL, LinearRaw)
Samsung	Galaxy S23 Ultra Rear Wide Camera	DNG	2022	unverified	DNG decoder (uncompressed, LJ92, lossy, Deflate, JPEG XL, LinearRaw)
Samsung	Galaxy S24 Front Camera	DNG	2023	unverified	DNG decoder (uncompressed, LJ92, lossy, Deflate, JPEG XL, LinearRaw)
Samsung	Galaxy S24 Rear Telephoto Camera	DNG	2023	unverified	DNG decoder (uncompressed, LJ92, lossy, Deflate, JPEG XL, LinearRaw)
Samsung	Galaxy S24 Rear Ultrawide Camera	DNG	2023	unverified	DNG decoder (uncompressed, LJ92, lossy, Deflate, JPEG XL, LinearRaw)
Samsung	Galaxy S24 Rear Wide Camera	DNG	2023	unverified	DNG decoder (uncompressed, LJ92, lossy, Deflate, JPEG XL, LinearRaw)
Samsung	Galaxy S24+ Front Camera	DNG	2023	unverified	DNG decoder (uncompressed, LJ92, lossy, Deflate, JPEG XL, LinearRaw)
Samsung	Galaxy S24+ Rear Telephoto Camera	DNG	2023	unverified	DNG decoder (uncompressed, LJ92, lossy, Deflate, JPEG XL, LinearRaw)
Samsung	Galaxy S24+ Rear Ultrawide Camera	DNG	2023	unverified	DNG decoder (uncompressed, LJ92, lossy, Deflate, JPEG XL, LinearRaw)
Samsung	Galaxy S24+ Rear Wide Camera	DNG	2023	unverified	DNG decoder (uncompressed, LJ92, lossy, Deflate, JPEG XL, LinearRaw)
Samsung	Galaxy S24 Ultra Front Camera	DNG	2023	unverified	DNG decoder (uncompressed, LJ92, lossy, Deflate, JPEG XL, LinearRaw)
Samsung	Galaxy S24 Ultra Rear Super Telephoto Camera	DNG	2023	unverified	DNG decoder (uncompressed, LJ92, lossy, Deflate, JPEG XL, LinearRaw)
Samsung	Galaxy S24 Ultra Rear Telephoto Camera	DNG	2023	unverified	DNG decoder (uncompressed, LJ92, lossy, Deflate, JPEG XL, LinearRaw)
Samsung	Galaxy S24 Ultra Rear Ultrawide Camera	DNG	2023	unverified	DNG decoder (uncompressed, LJ92, lossy, Deflate, JPEG XL, LinearRaw)
Samsung	Galaxy S24 Ultra Rear Wide Camera	DNG	2023	unverified	DNG decoder (uncompressed, LJ92, lossy, Deflate, JPEG XL, LinearRaw)
Samsung	Galaxy S25 Front Camera	DNG	2024	unverified	DNG decoder (uncompressed, LJ92, lossy, Deflate, JPEG XL, LinearRaw)
Samsung	Galaxy S25 Rear Telephoto Camera	DNG	2024	unverified	DNG decoder (uncompressed, LJ92, lossy, Deflate, JPEG XL, LinearRaw)
Samsung	Galaxy S25 Rear Ultrawide Camera	DNG	2024	unverified	DNG decoder (uncompressed, LJ92, lossy, Deflate, JPEG XL, LinearRaw)
Samsung	Galaxy S25 Rear Wide Camera	DNG	2024	unverified	DNG decoder (uncompressed, LJ92, lossy, Deflate, JPEG XL, LinearRaw)
Samsung	Galaxy S25+ Front Camera	DNG	2024	unverified	DNG decoder (uncompressed, LJ92, lossy, Deflate, JPEG XL, LinearRaw)
Samsung	Galaxy S25+ Rear Telephoto Camera	DNG	2024	unverified	DNG decoder (uncompressed, LJ92, lossy, Deflate, JPEG XL, LinearRaw)
Samsung	Galaxy S25+ Rear Ultrawide Camera	DNG	2024	unverified	DNG decoder (uncompressed, LJ92, lossy, Deflate, JPEG XL, LinearRaw)
Samsung	Galaxy S25+ Rear Wide Camera	DNG	2024	unverified	DNG decoder (uncompressed, LJ92, lossy, Deflate, JPEG XL, LinearRaw)
Samsung	Galaxy S25 Ultra Front Camera	DNG	2024	unverified	DNG decoder (uncompressed, LJ92, lossy, Deflate, JPEG XL, LinearRaw)
Samsung	Galaxy S25 Ultra Rear Super Telephoto Camera	DNG	2024	unverified	DNG decoder (uncompressed, LJ92, lossy, Deflate, JPEG XL, LinearRaw)
Samsung	Galaxy S25 Ultra Rear Telephoto Camera	DNG	2024	unverified	DNG decoder (uncompressed, LJ92, lossy, Deflate, JPEG XL, LinearRaw)
Samsung	Galaxy S25 Ultra Rear Ultrawide Camera	DNG	2024	unverified	DNG decoder (uncompressed, LJ92, lossy, Deflate, JPEG XL, LinearRaw)
Samsung	Galaxy S25 Ultra Rear Wide Camera	DNG	2024	unverified	DNG decoder (uncompressed, LJ92, lossy, Deflate, JPEG XL, LinearRaw)
Samsung	Galaxy Z Fold4 Rear Telephoto Camera	DNG	2021	unverified	DNG decoder (uncompressed, LJ92, lossy, Deflate, JPEG XL, LinearRaw)
Samsung	Galaxy Z Fold4 Rear Ultrawide Camera	DNG	2021	unverified	DNG decoder (uncompressed, LJ92, lossy, Deflate, JPEG XL, LinearRaw)
Samsung	Galaxy Z Fold4 Rear Wide Camera	DNG	2021	unverified	DNG decoder (uncompressed, LJ92, lossy, Deflate, JPEG XL, LinearRaw)
Samsung	Galaxy Z Fold5 Front Camera	DNG	2022	unverified	DNG decoder (uncompressed, LJ92, lossy, Deflate, JPEG XL, LinearRaw)
Samsung	Galaxy Z Fold5 Telephoto Camera	DNG	2022	unverified	DNG decoder (uncompressed, LJ92, lossy, Deflate, JPEG XL, LinearRaw)
Samsung	Galaxy Z Fold5 Ultrawide Camera	DNG	2022	unverified	DNG decoder (uncompressed, LJ92, lossy, Deflate, JPEG XL, LinearRaw)
Samsung	Galaxy Z Fold5 Wide Camera	DNG	2022	unverified	DNG decoder (uncompressed, LJ92, lossy, Deflate, JPEG XL, LinearRaw)
Samsung	Galaxy Z Fold6 Front Camera	DNG	2023	unverified	DNG decoder (uncompressed, LJ92, lossy, Deflate, JPEG XL, LinearRaw)
Samsung	Galaxy Z Fold6 Rear Telephoto Camera	DNG	2023	unverified	DNG decoder (uncompressed, LJ92, lossy, Deflate, JPEG XL, LinearRaw)
Samsung	Galaxy Z Fold6 Rear Ultrawide Camera	DNG	2023	unverified	DNG decoder (uncompressed, LJ92, lossy, Deflate, JPEG XL, LinearRaw)
Samsung	Galaxy Z Fold6 Rear Wide Camera	DNG	2023	unverified	DNG decoder (uncompressed, LJ92, lossy, Deflate, JPEG XL, LinearRaw)
Samsung	Galaxy Z Fold Special Edition Front Camera	DNG	2024	unverified	DNG decoder (uncompressed, LJ92, lossy, Deflate, JPEG XL, LinearRaw)
Samsung	Galaxy Z Fold Special Edition Rear Telephoto Camera	DNG	2024	unverified	DNG decoder (uncompressed, LJ92, lossy, Deflate, JPEG XL, LinearRaw)
Samsung	Galaxy Z Fold Special Edition Rear Ultrawide Camera	DNG	2024	unverified	DNG decoder (uncompressed, LJ92, lossy, Deflate, JPEG XL, LinearRaw)
Samsung	Galaxy Z Fold Special Edition Rear Wide Camera	DNG	2024	unverified	DNG decoder (uncompressed, LJ92, lossy, Deflate, JPEG XL, LinearRaw)
Samsung	Galaxy Z Flip6 Rear Ultrawide Camera	DNG	2023	unverified	DNG decoder (uncompressed, LJ92, lossy, Deflate, JPEG XL, LinearRaw)
Samsung	Galaxy Z Flip6 Rear Wide Camera	DNG	2023	unverified	DNG decoder (uncompressed, LJ92, lossy, Deflate, JPEG XL, LinearRaw)
Samsung	Galaxy Z Flip7 FE Front Camera	DNG	2024	unverified	DNG decoder (uncompressed, LJ92, lossy, Deflate, JPEG XL, LinearRaw)
Samsung	Galaxy Z Flip7 FE Rear Ultrawide Camera	DNG	2024	unverified	DNG decoder (uncompressed, LJ92, lossy, Deflate, JPEG XL, LinearRaw)
Samsung	Galaxy Z Flip7 FE Wide Camera	DNG	2024	unverified	DNG decoder (uncompressed, LJ92, lossy, Deflate, JPEG XL, LinearRaw)
Samsung	Galaxy Z Flip7 Front Camera	DNG	2025	unverified	DNG decoder (uncompressed, LJ92, lossy, Deflate, JPEG XL, LinearRaw)
Samsung	Galaxy Z Flip7 Rear Ultrawide Camera	DNG	2025	unverified	DNG decoder (uncompressed, LJ92, lossy, Deflate, JPEG XL, LinearRaw)
Samsung	Galaxy Z Flip7 Rear Wide Camera	DNG	2025	unverified	DNG decoder (uncompressed, LJ92, lossy, Deflate, JPEG XL, LinearRaw)
Samsung	Galaxy Z Fold7 Front Camera	DNG	2024	unverified	DNG decoder (uncompressed, LJ92, lossy, Deflate, JPEG XL, LinearRaw)
Samsung	Galaxy Z Fold7 Rear Telephoto Camera	DNG	2024	unverified	DNG decoder (uncompressed, LJ92, lossy, Deflate, JPEG XL, LinearRaw)
Samsung	Galaxy Z Fold7 Rear Ultrawide Camera	DNG	2024	unverified	DNG decoder (uncompressed, LJ92, lossy, Deflate, JPEG XL, LinearRaw)
Samsung	Galaxy Z Fold7 Under-Display Camera	DNG	2024	unverified	DNG decoder (uncompressed, LJ92, lossy, Deflate, JPEG XL, LinearRaw)
Samsung	Galaxy Z Fold7 Rear Wide Camera	DNG	2024	unverified	DNG decoder (uncompressed, LJ92, lossy, Deflate, JPEG XL, LinearRaw)
Samsung	Galaxy Z Trifold Front Camera	DNG	2025	unverified	DNG decoder (uncompressed, LJ92, lossy, Deflate, JPEG XL, LinearRaw)
Samsung	Galaxy Z Trifold Rear Telephoto Camera	DNG	2025	unverified	DNG decoder (uncompressed, LJ92, lossy, Deflate, JPEG XL, LinearRaw)
Samsung	Galaxy Z Trifold Rear Ultrawide Camera	DNG	2025	unverified	DNG decoder (uncompressed, LJ92, lossy, Deflate, JPEG XL, LinearRaw)
Samsung	Galaxy Z Trifold Rear Wide Camera	DNG	2025	unverified	DNG decoder (uncompressed, LJ92, lossy, Deflate, JPEG XL, LinearRaw)
Sigma	BF	DNG	2024	unverified	DNG decoder (uncompressed, LJ92, lossy, Deflate, JPEG XL, LinearRaw)
Sigma	DP1	X3F	2007	preview	X3F is opened from its embedded JPEG only
Sigma	DP1s	X3F	2008	preview	X3F is opened from its embedded JPEG only
Sigma	DP2	X3F	2008	preview	X3F is opened from its embedded JPEG only
Sigma	fp	DNG	2019	unverified	DNG decoder (uncompressed, LJ92, lossy, Deflate, JPEG XL, LinearRaw)
Sigma	fp L	DNG	2020	unverified	DNG decoder (uncompressed, LJ92, lossy, Deflate, JPEG XL, LinearRaw)
Sigma	SD9	X3F	2003	preview	X3F is opened from its embedded JPEG only
Sigma	SD10	X3F	2003	preview	X3F is opened from its embedded JPEG only
Sigma	SD14	X3F	2007	preview	X3F is opened from its embedded JPEG only
Skydio	Skydio 2	DNG	2019	unverified	DNG decoder (uncompressed, LJ92, lossy, Deflate, JPEG XL, LinearRaw)
Sony	Xperia 5 IV Telephoto Camera	DNG	2022	unverified	DNG decoder (uncompressed, LJ92, lossy, Deflate, JPEG XL, LinearRaw)
Sony	Xperia 5 IV Ultrawide Camera	DNG	2022	unverified	DNG decoder (uncompressed, LJ92, lossy, Deflate, JPEG XL, LinearRaw)
Sony	Xperia 5 IV Wide Camera	DNG	2022	unverified	DNG decoder (uncompressed, LJ92, lossy, Deflate, JPEG XL, LinearRaw)
Sony	Xperia 1 V Front Camera	DNG	2022	unverified	DNG decoder (uncompressed, LJ92, lossy, Deflate, JPEG XL, LinearRaw)
Sony	Xperia 1 V Ultrawide Camera	DNG	2022	unverified	DNG decoder (uncompressed, LJ92, lossy, Deflate, JPEG XL, LinearRaw)
Sony	Xperia 1 V Wide Camera	DNG	2022	unverified	DNG decoder (uncompressed, LJ92, lossy, Deflate, JPEG XL, LinearRaw)
Sony	Xperia 1 V Zoom Camera	DNG	2022	unverified	DNG decoder (uncompressed, LJ92, lossy, Deflate, JPEG XL, LinearRaw)
Sony	A1 II (ILCE-1M2) (** see note)	ARW	2024	unverified	ARW decoder (uncompressed, cRAW, packed 12-bit, lossless, downsized YCbCr)
Sony	A7 (ILCE-7)	ARW	2013	verified	issue #535: raw.pixls.us bulk check of all 100 Sony bodies (decodes; BL/WL/crop/WB vs ExifTool)
Sony	A7 II (ILCE-A7M2)	ARW	2013	verified	issue #535: raw.pixls.us bulk check of all 100 Sony bodies
Sony	A7 III (ILCE-7M3)	ARW	2017	verified	issue #535: raw.pixls.us bulk check of all 100 Sony bodies (decodes; BL/WL/crop/WB vs ExifTool)
Sony	A7 IV (ILCE-7M4)	ARW	2021	verified	issue #535: raw.pixls.us bulk check of all 100 Sony bodies (decodes; BL/WL/crop/WB vs ExifTool)
Sony	A7 V (ILCE-7M5) (** see note)	ARW	2025	unverified	ARW decoder (uncompressed, cRAW, packed 12-bit, lossless, downsized YCbCr)
Sony	A7C (ILCE-7C)	ARW	2020	verified	issue #535: raw.pixls.us bulk check of all 100 Sony bodies (decodes; BL/WL/crop/WB vs ExifTool)
Sony	A7C II (ILCE-7CM2)	ARW	2023	verified	issue #535: raw.pixls.us bulk check of all 100 Sony bodies (decodes; BL/WL/crop/WB vs ExifTool)
Sony	A7CR (ILCE-7CR)	ARW	2023	verified	issue #535: raw.pixls.us bulk check of all 100 Sony bodies (decodes; BL/WL/crop/WB vs ExifTool)
Sony	A7R (ILCE-7R)	ARW	2013	verified	issue #535: raw.pixls.us bulk check of all 100 Sony bodies (decodes; BL/WL/crop/WB vs ExifTool)
Sony	A7R II (ILCE-7RM2)	ARW	2015	verified	issue #535: raw.pixls.us bulk check of all 100 Sony bodies (decodes; BL/WL/crop/WB vs ExifTool)
Sony	A7R III (ILCE-7RM3)	ARW	2017	verified	issue #535: raw.pixls.us bulk check of all 100 Sony bodies (decodes; BL/WL/crop/WB vs ExifTool)
Sony	A7R IV (ILCE-7RM4)	ARW	2018	verified	issue #535: raw.pixls.us bulk check of all 100 Sony bodies (decodes; BL/WL/crop/WB vs ExifTool)
Sony	A7S (ILCE-7S)	ARW	2013	verified	issue #535: raw.pixls.us bulk check of all 100 Sony bodies (decodes; BL/WL/crop/WB vs ExifTool)
Sony	A7S II (ILCE-7SM2)	ARW	2015	verified	issue #535: raw.pixls.us bulk check of all 100 Sony bodies (decodes; BL/WL/crop/WB vs ExifTool)
Sony	A7s III (ILCE-7SM3)	ARW	2020	verified	issue #535: raw.pixls.us bulk check of all 100 Sony bodies (decodes; BL/WL/crop/WB vs ExifTool)
Sony	A9 (ILCE-9)	ARW	2015	verified	issue #535: raw.pixls.us bulk check of all 100 Sony bodies (decodes; BL/WL/crop/WB vs ExifTool)
Sony	A9 II (ILCE-9M2)	ARW	2019	verified	issue #535: raw.pixls.us bulk check of all 100 Sony bodies (decodes; BL/WL/crop/WB vs ExifTool)
Sony	A9 III (ILCE-9M3)	ARW	2023	verified	issue #535: raw.pixls.us bulk check of all 100 Sony bodies (decodes; BL/WL/crop/WB vs ExifTool)
Sony	A33 (SLT-A33)	ARW	2010	verified	issue #535: raw.pixls.us bulk check of all 100 Sony bodies (decodes; BL/WL/crop/WB vs ExifTool)
Sony	A35 (SLT-A35)	ARW	2010	verified	issue #535: raw.pixls.us bulk check of all 100 Sony bodies (decodes; BL/WL/crop/WB vs ExifTool)
Sony	A37 (SLT-A37)	ARW	2012	verified	issue #535: raw.pixls.us bulk check of all 100 Sony bodies (decodes; BL/WL/crop/WB vs ExifTool)
Sony	A55V (SLT-A55V)	ARW	2010	verified	issue #535: raw.pixls.us bulk check of all 100 Sony bodies
Sony	A57 (SLT-A57)	ARW	2012	verified	issue #535: raw.pixls.us bulk check of all 100 Sony bodies (decodes; BL/WL/crop/WB vs ExifTool)
Sony	A58 (SLT-A58)	ARW	2012	verified	issue #535: raw.pixls.us bulk check of all 100 Sony bodies (decodes; BL/WL/crop/WB vs ExifTool)
Sony	A65 (SLT-A65)	ARW	2010	verified	issue #535: raw.pixls.us bulk check of all 100 Sony bodies (decodes; BL/WL/crop/WB vs ExifTool)
Sony	A68 (ILCA-68)	ARW	2015	verified	issue #535: raw.pixls.us bulk check of all 100 Sony bodies (decodes; BL/WL/crop/WB vs ExifTool)
Sony	A77 (SLT-A77)	ARW	2010	verified	issue #535: raw.pixls.us bulk check of all 100 Sony bodies (decodes; BL/WL/crop/WB vs ExifTool)
Sony	A77 II (ILCA-77M2)	ARW	2013	verified	issue #535: raw.pixls.us bulk check of all 100 Sony bodies (decodes; BL/WL/crop/WB vs ExifTool)
Sony	A7R IIIA (ILCE-7RM3A)	ARW	2020	verified	issue #535: raw.pixls.us bulk check of all 100 Sony bodies (decodes; BL/WL/crop/WB vs ExifTool)
Sony	A7R IVA (ILCE-7RM4A)	ARW	2020	verified	issue #535: raw.pixls.us bulk check of all 100 Sony bodies (decodes; BL/WL/crop/WB vs ExifTool)
Sony	A7R V (ILCE-7RM5)	ARW	2022	verified	issue #535: raw.pixls.us bulk check of all 100 Sony bodies (decodes; BL/WL/crop/WB vs ExifTool)
Sony	A7R VI (ILCE-7RM6) (** see note)	ARW	2025	unverified	ARW decoder (uncompressed, cRAW, packed 12-bit, lossless, downsized YCbCr)
Sony	A99 (SLT-A99V)	ARW	2012	verified	issue #535: raw.pixls.us bulk check of all 100 Sony bodies
Sony	A99 II (ILCA-99M2)	ARW	2015	verified	issue #535: raw.pixls.us bulk check of all 100 Sony bodies (decodes; BL/WL/crop/WB vs ExifTool)
Sony	A100 (DSLR-A100)	ARW	2005	unsupported	issue #702: regression, refused as not a readable photo
Sony	A200 (DSLR-A200)	ARW	2007	preview	issue #535: preview-only on the raw.pixls.us sample
Sony	A230 (DSLR-A230)	ARW	2008	preview	issue #535: preview-only on the raw.pixls.us sample
Sony	A290 (DSLR-A290)	ARW	2010	preview	issue #535: preview-only on the raw.pixls.us sample
Sony	A300 (DSLR-A300)	ARW	2007	preview	issue #535: preview-only on the raw.pixls.us sample
Sony	A330 (DSLR A330)	ARW	2008	preview	issue #535: preview-only on the raw.pixls.us sample
Sony	A350 (DSLR-A350)	ARW	2007	preview	issue #535: preview-only on the raw.pixls.us sample
Sony	A380 (DSLR-A380)	ARW	2008	preview	issue #535: preview-only on the raw.pixls.us sample
Sony	A390 (DSLR-A390)	ARW	2010	preview	issue #535: preview-only on the raw.pixls.us sample
Sony	A450 (DSLR-A450)	ARW	2010	verified	issue #535: raw.pixls.us bulk check of all 100 Sony bodies (decodes; BL/WL/crop/WB vs ExifTool)
Sony	A500 (DSLR-A500)	ARW	2008	verified	issue #535: raw.pixls.us bulk check of all 100 Sony bodies (decodes; BL/WL/crop/WB vs ExifTool)
Sony	A550 (DSLR-A550)	ARW	2008	verified	issue #535: raw.pixls.us bulk check of all 100 Sony bodies (decodes; BL/WL/crop/WB vs ExifTool)
Sony	A560 (DSLR-A560)	ARW	2010	verified	issue #535: raw.pixls.us bulk check of all 100 Sony bodies (decodes; BL/WL/crop/WB vs ExifTool)
Sony	A580 (DSLR-A580)	ARW	2010	verified	issue #535: raw.pixls.us bulk check of all 100 Sony bodies (decodes; BL/WL/crop/WB vs ExifTool)
Sony	A700 (DSLR-A700)	ARW	2007	verified	issue #535: raw.pixls.us bulk check of all 100 Sony bodies (decodes; BL/WL/crop/WB vs ExifTool)
Sony	A850 (DSLR-A850)	ARW	2008	preview	issue #535: preview-only on the raw.pixls.us sample
Sony	A900 (DSLR-A900)	ARW	2008	verified	issue #535: raw.pixls.us bulk check of all 100 Sony bodies (decodes; BL/WL/crop/WB vs ExifTool)
Sony	A3000 (ILCE-3000)	ARW	2013	verified	issue #535: raw.pixls.us bulk check of all 100 Sony bodies (decodes; BL/WL/crop/WB vs ExifTool)
Sony	A3500 (ILCE-3500)	ARW	2013	verified	issue #535: raw.pixls.us bulk check of all 100 Sony bodies (decodes; BL/WL/crop/WB vs ExifTool)
Sony	A5000 (ILCE-5000)	ARW	2013	verified	issue #535: raw.pixls.us bulk check of all 100 Sony bodies (decodes; BL/WL/crop/WB vs ExifTool)
Sony	A5100 (ILCE-5100)	ARW	2013	verified	issue #535: raw.pixls.us bulk check of all 100 Sony bodies (decodes; BL/WL/crop/WB vs ExifTool)
Sony	A6000 (ILCE-6000)	ARW	2013	verified	issue #535: raw.pixls.us bulk check of all 100 Sony bodies (decodes; BL/WL/crop/WB vs ExifTool)
Sony	A6100 (ILCE-6100)	ARW	2019	verified	issue #535: raw.pixls.us bulk check of all 100 Sony bodies (decodes; BL/WL/crop/WB vs ExifTool)
Sony	A6300 (ILCE-6300)	ARW	2015	verified	issue #535: raw.pixls.us bulk check of all 100 Sony bodies (decodes; BL/WL/crop/WB vs ExifTool)
Sony	A6400 (ILCE-6400)	ARW	2018	verified	issue #535: raw.pixls.us bulk check of all 100 Sony bodies (decodes; BL/WL/crop/WB vs ExifTool)
Sony	A6500 (ILCE-6500)	ARW	2015	verified	issue #535: raw.pixls.us bulk check of all 100 Sony bodies (decodes; BL/WL/crop/WB vs ExifTool)
Sony	A6600 (ILCE-6600)	ARW	2019	verified	issue #535: raw.pixls.us bulk check of all 100 Sony bodies (decodes; BL/WL/crop/WB vs ExifTool)
Sony	A6700 (ILCE-6700)	ARW	2022	verified	issue #535: raw.pixls.us bulk check of all 100 Sony bodies (decodes; BL/WL/crop/WB vs ExifTool)
Sony	DSC-F828	SRF	2003	unsupported	issue #702 (SRF refused); SRF not in the import list
Sony	DSC-HX95	ARW	2018	verified	issue #535: raw.pixls.us bulk check of all 100 Sony bodies (decodes; BL/WL/crop/WB vs ExifTool)
Sony	DSC-HX99	ARW	2018	verified	issue #535: raw.pixls.us bulk check of all 100 Sony bodies (decodes; BL/WL/crop/WB vs ExifTool)
Sony	DSC-V3	SRF	2005	unsupported	SRF not in the import list
Sony	DSC-RX100M7A	ARW	2024	unverified	ARW decoder (uncompressed, cRAW, packed 12-bit, lossless, downsized YCbCr)
Sony	FX3 (ILME-FX3)	ARW	2020	verified	issue #535: raw.pixls.us bulk check of all 100 Sony bodies (decodes; BL/WL/crop/WB vs ExifTool)
Sony	FX30 (ILME-FX30)	ARW	2022	verified	issue #535: raw.pixls.us bulk check of all 100 Sony bodies (decodes; BL/WL/crop/WB vs ExifTool)
Sony	NEX-3	ARW	2010	verified	issue #535: raw.pixls.us bulk check of all 100 Sony bodies (decodes; BL/WL/crop/WB vs ExifTool)
Sony	NEX-3N	ARW	2012	verified	issue #535: raw.pixls.us bulk check of all 100 Sony bodies (decodes; BL/WL/crop/WB vs ExifTool)
Sony	NEX-5	ARW	2010	verified	issue #535: raw.pixls.us bulk check of all 100 Sony bodies (decodes; BL/WL/crop/WB vs ExifTool)
Sony	NEX-5N	ARW	2010	verified	issue #535: raw.pixls.us bulk check of all 100 Sony bodies (decodes; BL/WL/crop/WB vs ExifTool)
Sony	NEX-5R	ARW	2012	verified	issue #535: raw.pixls.us bulk check of all 100 Sony bodies (decodes; BL/WL/crop/WB vs ExifTool)
Sony	NEX-5T	ARW	2013	verified	issue #535: raw.pixls.us bulk check of all 100 Sony bodies (decodes; BL/WL/crop/WB vs ExifTool)
Sony	NEX-6	ARW	2012	verified	issue #535: raw.pixls.us bulk check of all 100 Sony bodies (decodes; BL/WL/crop/WB vs ExifTool)
Sony	NEX-7	ARW	2010	verified	issue #535: raw.pixls.us bulk check of all 100 Sony bodies (decodes; BL/WL/crop/WB vs ExifTool)
Sony	NEX-C3	ARW	2010	verified	issue #535: raw.pixls.us bulk check of all 100 Sony bodies (decodes; BL/WL/crop/WB vs ExifTool)
Sony	NEX-F3	ARW	2012	verified	issue #535: raw.pixls.us bulk check of all 100 Sony bodies (decodes; BL/WL/crop/WB vs ExifTool)
Sony	NEX-VG20	ARW	2012	unverified	ARW decoder (uncompressed, cRAW, packed 12-bit, lossless, downsized YCbCr)
Sony	NEX-VG30	ARW	2012	unverified	ARW decoder (uncompressed, cRAW, packed 12-bit, lossless, downsized YCbCr)
Sony	NEX-VG900	ARW	2012	unverified	ARW decoder (uncompressed, cRAW, packed 12-bit, lossless, downsized YCbCr)
Sony	RX0 (DSC-RX0)	ARW	2017	verified	issue #535: raw.pixls.us bulk check of all 100 Sony bodies (decodes; BL/WL/crop/WB vs ExifTool)
Sony	RX0 II (DSC-RX0M2)	ARW	2018	verified	issue #535: raw.pixls.us bulk check of all 100 Sony bodies (decodes; BL/WL/crop/WB vs ExifTool)
Sony	RX1 (DSC-RX1)	ARW	2012	verified	issue #535: raw.pixls.us bulk check of all 100 Sony bodies (decodes; BL/WL/crop/WB vs ExifTool)
Sony	RX1R (DSC-RX1R)	ARW	2013	verified	issue #535: raw.pixls.us bulk check of all 100 Sony bodies (decodes; BL/WL/crop/WB vs ExifTool)
Sony	RX1R II (DSC-RX1RM2)	ARW	2015	verified	issue #535: raw.pixls.us bulk check of all 100 Sony bodies (decodes; BL/WL/crop/WB vs ExifTool)
Sony	RX10 (DSC-RX10)	ARW	2013	verified	issue #535: raw.pixls.us bulk check of all 100 Sony bodies (decodes; BL/WL/crop/WB vs ExifTool)
Sony	RX10 II (DSC-RX10M2)	ARW	2015	verified	issue #535: raw.pixls.us bulk check of all 100 Sony bodies (decodes; BL/WL/crop/WB vs ExifTool)
Sony	RX10 III (DSC-RX10M3)	ARW	2015	verified	issue #535: raw.pixls.us bulk check of all 100 Sony bodies (decodes; BL/WL/crop/WB vs ExifTool)
Sony	RX10 IV (DSC-RX10M4)	ARW	2017	verified	issue #535: raw.pixls.us bulk check of all 100 Sony bodies (decodes; BL/WL/crop/WB vs ExifTool)
Sony	RX10 V (DSC-RX10M5) (** see note)	ARW	2025	unverified	ARW decoder (uncompressed, cRAW, packed 12-bit, lossless, downsized YCbCr)
Sony	RX100 (DSC-RX100)	ARW	2012	verified	issue #535: raw.pixls.us bulk check of all 100 Sony bodies (decodes; BL/WL/crop/WB vs ExifTool)
Sony	RX100 II (DSC-RX100M2)	ARW	2013	verified	issue #535: raw.pixls.us bulk check of all 100 Sony bodies (decodes; BL/WL/crop/WB vs ExifTool)
Sony	RX100 III (DSC-RX100M3)	ARW	2013	verified	issue #535: raw.pixls.us bulk check of all 100 Sony bodies (decodes; BL/WL/crop/WB vs ExifTool)
Sony	RX100 IV (DSC-RX100M4)	ARW	2015	verified	issue #535: raw.pixls.us bulk check of all 100 Sony bodies (decodes; BL/WL/crop/WB vs ExifTool)
Sony	RX100 V (DSC-RX100M5)	ARW	2015	verified	issue #535: raw.pixls.us bulk check of all 100 Sony bodies (decodes; BL/WL/crop/WB vs ExifTool)
Sony	RX100 VA (DSC-RX100M5A)	ARW	2017	verified	issue #535: raw.pixls.us bulk check of all 100 Sony bodies (decodes; BL/WL/crop/WB vs ExifTool)
Sony	RX100 VI (DSC-RX100M6)	ARW	2017	verified	issue #535: raw.pixls.us bulk check of all 100 Sony bodies (decodes; BL/WL/crop/WB vs ExifTool)
Sony	RX100 VII (DSC-RX100M7)	ARW	2018	verified	issue #535: raw.pixls.us bulk check of all 100 Sony bodies (decodes; BL/WL/crop/WB vs ExifTool)
Sony	QX1 (ILCE-QX1)	ARW	2013	verified	issue #535: raw.pixls.us bulk check of all 100 Sony bodies (decodes; BL/WL/crop/WB vs ExifTool)
Sony	ZV-1 (DCZV1/B)	ARW	2019	verified	issue #535: raw.pixls.us bulk check of all 100 Sony bodies (decodes; BL/WL/crop/WB vs ExifTool)
Sony	Alpha 1 (ILCE-1)*	ARW	2020	verified	issue #535: raw.pixls.us bulk check of all 100 Sony bodies (decodes; BL/WL/crop/WB vs ExifTool)
Sony	Xperia 1 Wide-angle Camera	DNG	2020	unverified	DNG decoder (uncompressed, LJ92, lossy, Deflate, JPEG XL, LinearRaw)
Sony	Xperia 1 II Telephoto Camera	DNG	2020	unverified	DNG decoder (uncompressed, LJ92, lossy, Deflate, JPEG XL, LinearRaw)
Sony	Xperia 1 II Ultra wide-angle Camera	DNG	2020	unverified	DNG decoder (uncompressed, LJ92, lossy, Deflate, JPEG XL, LinearRaw)
Sony	Xperia 1 II Wide-angle Camera	DNG	2020	unverified	DNG decoder (uncompressed, LJ92, lossy, Deflate, JPEG XL, LinearRaw)
Sony	Xperia 1 IV Wide Camera	DNG	2021	unverified	DNG decoder (uncompressed, LJ92, lossy, Deflate, JPEG XL, LinearRaw)
Sony	Xperia 1 IV Zoom Camera	DNG	2021	unverified	DNG decoder (uncompressed, LJ92, lossy, Deflate, JPEG XL, LinearRaw)
Sony	Xperia 1 IV Ultrawide Camera	DNG	2021	unverified	DNG decoder (uncompressed, LJ92, lossy, Deflate, JPEG XL, LinearRaw)
Sony	Xperia 1 VI Front Camera	DNG	2023	unverified	DNG decoder (uncompressed, LJ92, lossy, Deflate, JPEG XL, LinearRaw)
Sony	Xperia 1 VI Ultrawide Camera	DNG	2023	unverified	DNG decoder (uncompressed, LJ92, lossy, Deflate, JPEG XL, LinearRaw)
Sony	Xperia 1 VI Wide Camera	DNG	2023	unverified	DNG decoder (uncompressed, LJ92, lossy, Deflate, JPEG XL, LinearRaw)
Sony	Xperia 1 VI Zoom Camera	DNG	2023	unverified	DNG decoder (uncompressed, LJ92, lossy, Deflate, JPEG XL, LinearRaw)
Sony	Xperia 1 VII Front Camera	DNG	2024	unverified	DNG decoder (uncompressed, LJ92, lossy, Deflate, JPEG XL, LinearRaw)
Sony	Xperia 1 VII Ultrawide Camera	DNG	2024	unverified	DNG decoder (uncompressed, LJ92, lossy, Deflate, JPEG XL, LinearRaw)
Sony	Xperia 1 VII Wide Camera	DNG	2024	unverified	DNG decoder (uncompressed, LJ92, lossy, Deflate, JPEG XL, LinearRaw)
Sony	Xperia 1 VII Zoom Camera	DNG	2024	unverified	DNG decoder (uncompressed, LJ92, lossy, Deflate, JPEG XL, LinearRaw)
Sony	Xperia 1 III Telephoto Camera	DNG	2021	unverified	DNG decoder (uncompressed, LJ92, lossy, Deflate, JPEG XL, LinearRaw)
Sony	Xperia 1 III Ultra wide-angle Camera	DNG	2021	unverified	DNG decoder (uncompressed, LJ92, lossy, Deflate, JPEG XL, LinearRaw)
Sony	Xperia 1 III Wide-angle Camera	DNG	2021	unverified	DNG decoder (uncompressed, LJ92, lossy, Deflate, JPEG XL, LinearRaw)
Sony	Xperia 5 III Super Telephoto Camera	DNG	2021	unverified	DNG decoder (uncompressed, LJ92, lossy, Deflate, JPEG XL, LinearRaw)
Sony	Xperia 5 III Telephoto Camera	DNG	2021	unverified	DNG decoder (uncompressed, LJ92, lossy, Deflate, JPEG XL, LinearRaw)
Sony	Xperia 5 III Ultra wide-angle Camera	DNG	2021	unverified	DNG decoder (uncompressed, LJ92, lossy, Deflate, JPEG XL, LinearRaw)
Sony	Xperia 5 III Wide-angle Camera	DNG	2021	unverified	DNG decoder (uncompressed, LJ92, lossy, Deflate, JPEG XL, LinearRaw)
Sony	Xperia 5 V Front Camera	DNG	2023	unverified	DNG decoder (uncompressed, LJ92, lossy, Deflate, JPEG XL, LinearRaw)
Sony	Xperia 5 V Ultrawide Camera	DNG	2023	unverified	DNG decoder (uncompressed, LJ92, lossy, Deflate, JPEG XL, LinearRaw)
Sony	Xperia 5 V Wide Camera	DNG	2023	unverified	DNG decoder (uncompressed, LJ92, lossy, Deflate, JPEG XL, LinearRaw)
Sony	Xperia Pro-I Rear Wide Camera	DNG	2021	unverified	DNG decoder (uncompressed, LJ92, lossy, Deflate, JPEG XL, LinearRaw)
Sony	ZV-E10	ARW	2021	verified	issue #535: raw.pixls.us bulk check of all 100 Sony bodies (decodes; BL/WL/crop/WB vs ExifTool)
Sony	ZV-E1	ARW	2022	verified	issue #535: raw.pixls.us bulk check of all 100 Sony bodies (decodes; BL/WL/crop/WB vs ExifTool)
Sony	ZV-E10M2	ARW		unverified	ARW decoder (uncompressed, cRAW, packed 12-bit, lossless, downsized YCbCr)
Sony	ZV-1M2	ARW	2022	unverified	ARW decoder (uncompressed, cRAW, packed 12-bit, lossless, downsized YCbCr)
Sony	ZV-1A	ARW	2024	unverified	ARW decoder (uncompressed, cRAW, packed 12-bit, lossless, downsized YCbCr)
Sony	ILX-LR1	ARW	2023	unverified	ARW decoder (uncompressed, cRAW, packed 12-bit, lossless, downsized YCbCr)
Sony	ILCE - 1M2 (Final Support)	ARW	2024	unverified	ARW decoder (uncompressed, cRAW, packed 12-bit, lossless, downsized YCbCr)
Sony	ILCE - 6100A	ARW	2024	unverified	ARW decoder (uncompressed, cRAW, packed 12-bit, lossless, downsized YCbCr)
Sony	ILCE - 6400A	ARW	2024	unverified	ARW decoder (uncompressed, cRAW, packed 12-bit, lossless, downsized YCbCr)
Sony	FX2 (ILMEFX2) (** see note)	ARW	2024	unverified	ARW decoder (uncompressed, cRAW, packed 12-bit, lossless, downsized YCbCr)
Sony	FX3A (ILMEFX3A)	ARW	2024	unverified	ARW decoder (uncompressed, cRAW, packed 12-bit, lossless, downsized YCbCr)
Sony	RX1R III (DSC-RX1RM3)	ARW	2024	unverified	ARW decoder (uncompressed, cRAW, packed 12-bit, lossless, downsized YCbCr)
Xiaomi	Mi 11 Lite Front Camera	DNG	2021	unverified	DNG decoder (uncompressed, LJ92, lossy, Deflate, JPEG XL, LinearRaw)
Xiaomi	Mi 11 Lite Rear Ultrawide Camera	DNG	2021	unverified	DNG decoder (uncompressed, LJ92, lossy, Deflate, JPEG XL, LinearRaw)
Xiaomi	Mi 11 Lite Rear Wide Camera	DNG	2021	unverified	DNG decoder (uncompressed, LJ92, lossy, Deflate, JPEG XL, LinearRaw)
Xiaomi	Xiaomi 12S	DNG	2021	unverified	DNG decoder (uncompressed, LJ92, lossy, Deflate, JPEG XL, LinearRaw)
Xiaomi	Xiaomi 12S Pro	DNG	2021	unverified	DNG decoder (uncompressed, LJ92, lossy, Deflate, JPEG XL, LinearRaw)
Xiaomi	Xiaomi 12S Ultra	DNG	2021	unverified	DNG decoder (uncompressed, LJ92, lossy, Deflate, JPEG XL, LinearRaw)
Xiaomi	Xiaomi 13 Rear Telephoto Camera	DNG	2022	unverified	DNG decoder (uncompressed, LJ92, lossy, Deflate, JPEG XL, LinearRaw)
Xiaomi	Xiaomi 13 Rear Ultrawide Camera	DNG	2022	unverified	DNG decoder (uncompressed, LJ92, lossy, Deflate, JPEG XL, LinearRaw)
Xiaomi	Xiaomi 13 Rear Wide Camera	DNG	2022	unverified	DNG decoder (uncompressed, LJ92, lossy, Deflate, JPEG XL, LinearRaw)
Xiaomi	Xiaomi 13 Pro Rear Telephoto Camera	DNG	2022	unverified	DNG decoder (uncompressed, LJ92, lossy, Deflate, JPEG XL, LinearRaw)
Xiaomi	Xiaomi 13 Pro Rear Ultrawide Camera	DNG	2022	unverified	DNG decoder (uncompressed, LJ92, lossy, Deflate, JPEG XL, LinearRaw)
Xiaomi	Xiaomi 13 Pro Rear Wide Camera	DNG	2022	unverified	DNG decoder (uncompressed, LJ92, lossy, Deflate, JPEG XL, LinearRaw)
Xiaomi	Xiaomi 13 Ultra Rear Super Telephoto Camera	DNG	2022	unverified	DNG decoder (uncompressed, LJ92, lossy, Deflate, JPEG XL, LinearRaw)
Xiaomi	Xiaomi 13 Ultra Rear Telephoto Camera	DNG	2022	unverified	DNG decoder (uncompressed, LJ92, lossy, Deflate, JPEG XL, LinearRaw)
Xiaomi	Xiaomi 13 Ultra Rear Ultrawide Camera	DNG	2022	unverified	DNG decoder (uncompressed, LJ92, lossy, Deflate, JPEG XL, LinearRaw)
Xiaomi	Xiaomi 13 Ultra Rear Wide Camera	DNG	2022	unverified	DNG decoder (uncompressed, LJ92, lossy, Deflate, JPEG XL, LinearRaw)
Xiaomi	Xiaomi 13T Front Camera	DNG	2022	unverified	DNG decoder (uncompressed, LJ92, lossy, Deflate, JPEG XL, LinearRaw)
Xiaomi	Xiaomi 13T Rear Telephoto Camera	DNG	2022	unverified	DNG decoder (uncompressed, LJ92, lossy, Deflate, JPEG XL, LinearRaw)
Xiaomi	Xiaomi 13T Rear Ultrawide Camera	DNG	2022	unverified	DNG decoder (uncompressed, LJ92, lossy, Deflate, JPEG XL, LinearRaw)
Xiaomi	Xiaomi 13T Rear Wide Camera	DNG	2022	unverified	DNG decoder (uncompressed, LJ92, lossy, Deflate, JPEG XL, LinearRaw)
Xiaomi	Xiaomi 13T Pro Front Camera	DNG	2022	unverified	DNG decoder (uncompressed, LJ92, lossy, Deflate, JPEG XL, LinearRaw)
Xiaomi	Xiaomi 13T Pro Rear Telephoto Camera	DNG	2022	unverified	DNG decoder (uncompressed, LJ92, lossy, Deflate, JPEG XL, LinearRaw)
Xiaomi	Xiaomi 13T Pro Rear Ultrawide Camera	DNG	2022	unverified	DNG decoder (uncompressed, LJ92, lossy, Deflate, JPEG XL, LinearRaw)
Xiaomi	Xiaomi 13T Pro Rear Wide Camera	DNG	2022	unverified	DNG decoder (uncompressed, LJ92, lossy, Deflate, JPEG XL, LinearRaw)
Xiaomi	Xiaomi 14 Rear Telephoto Camera	DNG	2023	unverified	DNG decoder (uncompressed, LJ92, lossy, Deflate, JPEG XL, LinearRaw)
Xiaomi	Xiaomi 14 Rear Ultrawide Camera	DNG	2023	unverified	DNG decoder (uncompressed, LJ92, lossy, Deflate, JPEG XL, LinearRaw)
Xiaomi	Xiaomi 14 Rear Wide Camera	DNG	2023	unverified	DNG decoder (uncompressed, LJ92, lossy, Deflate, JPEG XL, LinearRaw)
Xiaomi	Xiaomi 14 Pro Rear Telephoto Camera	DNG	2023	unverified	DNG decoder (uncompressed, LJ92, lossy, Deflate, JPEG XL, LinearRaw)
Xiaomi	Xiaomi 14 Pro Rear Ultrawide Camera	DNG	2023	unverified	DNG decoder (uncompressed, LJ92, lossy, Deflate, JPEG XL, LinearRaw)
Xiaomi	Xiaomi 14 Pro Rear Wide Camera	DNG	2023	unverified	DNG decoder (uncompressed, LJ92, lossy, Deflate, JPEG XL, LinearRaw)
Xiaomi	Xiaomi 14 Ultra Rear Super Telephoto Camera	DNG	2023	unverified	DNG decoder (uncompressed, LJ92, lossy, Deflate, JPEG XL, LinearRaw)
Xiaomi	Xiaomi 14 Ultra Rear Telephoto Camera	DNG	2023	unverified	DNG decoder (uncompressed, LJ92, lossy, Deflate, JPEG XL, LinearRaw)
Xiaomi	Xiaomi 14 Ultra Rear Ultrawide Camera	DNG	2023	unverified	DNG decoder (uncompressed, LJ92, lossy, Deflate, JPEG XL, LinearRaw)
Xiaomi	Xiaomi 14 Ultra Rear Wide Camera	DNG	2023	unverified	DNG decoder (uncompressed, LJ92, lossy, Deflate, JPEG XL, LinearRaw)
Xiaomi	Xiaomi 14T Front Camera	DNG	2023	unverified	DNG decoder (uncompressed, LJ92, lossy, Deflate, JPEG XL, LinearRaw)
Xiaomi	Xiaomi 14T Telephoto Camera	DNG	2023	unverified	DNG decoder (uncompressed, LJ92, lossy, Deflate, JPEG XL, LinearRaw)
Xiaomi	Xiaomi 14T Ultrawide Camera	DNG	2023	unverified	DNG decoder (uncompressed, LJ92, lossy, Deflate, JPEG XL, LinearRaw)
Xiaomi	Xiaomi 14T Wide Camera	DNG	2023	unverified	DNG decoder (uncompressed, LJ92, lossy, Deflate, JPEG XL, LinearRaw)
Xiaomi	Xiaomi 14T Pro Front Camera	DNG	2023	unverified	DNG decoder (uncompressed, LJ92, lossy, Deflate, JPEG XL, LinearRaw)
Xiaomi	Xiaomi 14T Pro Telephoto Camera	DNG	2023	unverified	DNG decoder (uncompressed, LJ92, lossy, Deflate, JPEG XL, LinearRaw)
Xiaomi	Xiaomi 14T Pro Ultrawide Camera	DNG	2023	unverified	DNG decoder (uncompressed, LJ92, lossy, Deflate, JPEG XL, LinearRaw)
Xiaomi	Xiaomi 14T Pro Wide Camera	DNG	2023	unverified	DNG decoder (uncompressed, LJ92, lossy, Deflate, JPEG XL, LinearRaw)
Xiaomi	Xiaomi MIX Fold 3 Rear Telephoto Camera	DNG	2022	unverified	DNG decoder (uncompressed, LJ92, lossy, Deflate, JPEG XL, LinearRaw)
Xiaomi	Xiaomi MIX Fold 3 Rear Super Telephoto Camera	DNG	2022	unverified	DNG decoder (uncompressed, LJ92, lossy, Deflate, JPEG XL, LinearRaw)
Xiaomi	Xiaomi MIX Fold 3 Rear Ultrawide Camera	DNG	2022	unverified	DNG decoder (uncompressed, LJ92, lossy, Deflate, JPEG XL, LinearRaw)
Xiaomi	Xiaomi MIX Fold 3 Rear Wide Camera	DNG	2022	unverified	DNG decoder (uncompressed, LJ92, lossy, Deflate, JPEG XL, LinearRaw)
Xiaomi	Xiaomi Civi 4 Pro Rear Telephoto Camera	DNG	2023	unverified	DNG decoder (uncompressed, LJ92, lossy, Deflate, JPEG XL, LinearRaw)
Xiaomi	Xiaomi Civi 4 Pro Rear Ultrawide Camera	DNG	2023	unverified	DNG decoder (uncompressed, LJ92, lossy, Deflate, JPEG XL, LinearRaw)
Xiaomi	Xiaomi Civi 4 Pro Rear Wide Camera	DNG	2023	unverified	DNG decoder (uncompressed, LJ92, lossy, Deflate, JPEG XL, LinearRaw)
Xiaomi	Xiaomi 15 Rear Telephoto Camera	DNG	2024	unverified	DNG decoder (uncompressed, LJ92, lossy, Deflate, JPEG XL, LinearRaw)
Xiaomi	Xiaomi 15 Rear Ultrawide Camera	DNG	2024	unverified	DNG decoder (uncompressed, LJ92, lossy, Deflate, JPEG XL, LinearRaw)
Xiaomi	Xiaomi 15 Rear Wide Camera	DNG	2024	unverified	DNG decoder (uncompressed, LJ92, lossy, Deflate, JPEG XL, LinearRaw)
Xiaomi	Xiaomi 15 Pro Rear Telephoto Camera	DNG	2024	unverified	DNG decoder (uncompressed, LJ92, lossy, Deflate, JPEG XL, LinearRaw)
Xiaomi	Xiaomi 15 Pro Rear Ultrawide Camera	DNG	2024	unverified	DNG decoder (uncompressed, LJ92, lossy, Deflate, JPEG XL, LinearRaw)
Xiaomi	Xiaomi 15 Pro Rear Wide Camera	DNG	2024	unverified	DNG decoder (uncompressed, LJ92, lossy, Deflate, JPEG XL, LinearRaw)
Xiaomi	Xiaomi 17 Ultra Rear Telephoto Camera	DNG	2025	unverified	DNG decoder (uncompressed, LJ92, lossy, Deflate, JPEG XL, LinearRaw)
Xiaomi	Xiaomi 17 Ultra Rear Ultrawide Camera	DNG	2025	unverified	DNG decoder (uncompressed, LJ92, lossy, Deflate, JPEG XL, LinearRaw)
Xiaomi	Xiaomi 17 Ultra Rear Wide Camera	DNG	2025	unverified	DNG decoder (uncompressed, LJ92, lossy, Deflate, JPEG XL, LinearRaw)
Yuneec	CGO4	DNG	2015	unverified	DNG decoder (uncompressed, LJ92, lossy, Deflate, JPEG XL, LinearRaw)
Yuneec	ION L1 Pro	DNG	2018	unverified	DNG decoder (uncompressed, LJ92, lossy, Deflate, JPEG XL, LinearRaw)
Zeiss	ZX1	DNG	2019	unverified	DNG decoder (uncompressed, LJ92, lossy, Deflate, JPEG XL, LinearRaw)
